time,feature_1,feature_2,feature_3,target
0,0.255381879802987,1.203820760974278,0.8516994396700974,0.5754663490206633
1,0.001092256318734202,1.0739380893829662,0.3811199794840974,0.4059468463246542
2,0.03868530842622656,1.1152231669446888,0.12229916496633148,0.3100268987795598
3,0.11328971372654288,0.8670505275018144,0.4219953327251601,0.31071575871741836
4,-0.050432298752960986,0.9099988506767336,0.4710802991508965,0.32462856491092684
5,-0.03790700254360403,0.9629477873251134,0.5502225008500311,0.3230428484771086
6,0.13754148413974934,1.1794224752122322,0.4454729696750731,0.4609885917600803
7,0.19215273100970387,0.9444484183145118,0.4376192054957734,0.40388717603339835
8,0.21669693912693563,0.9045761143982389,0.3193580232822363,0.3826401032262859
9,0.23917846923536062,0.8395156979976026,0.73173136600978,0.42640103647167105
10,0.30483446610365705,0.9847958224031857,0.8084382645618557,0.5515182327146548
11,0.2754482438763405,0.8520895064010858,0.10768212812072214,0.36475034958119446
12,0.4168216048267736,0.8539436148435108,0.5953019210596568,0.626121389303193
13,0.16384996224262832,1.1311262809236224,0.6561079383379009,0.6015437333204057
14,0.19874569542150383,1.1214627574705582,0.7354685288040351,0.581894935525599
15,0.26149633146997314,0.7770506939441517,0.6233344398197753,0.44144676020762214
16,0.3876157790131278,0.9379754148317709,0.5505628850743647,0.5391150640160293
17,0.347037019287356,0.8903281231156879,0.2415181018407317,0.38080307898991456
18,0.36783159495578244,0.994842863418994,0.3182802314330945,0.5204929984895905
19,0.27515362117715203,0.7476362578075944,0.9103449303784776,0.5986117226145492
20,0.5057610203484125,1.1254374814245287,0.6882040867441466,0.55713906016456
21,0.6252252531182241,0.9879813262501332,0.19101250335951414,0.5514521778114831
22,0.4861521178697694,0.8790123831033461,0.49487423816850223,0.45651893518105036
23,0.3587037666879702,0.9641151012421484,0.42164658762447726,0.5202813405792435
24,0.4954818657328479,1.0120112076914771,0.5092650688187954,0.5831268669974535
25,0.35998031676487474,0.9158206733747385,0.4773252379773674,0.4793222358923169
26,0.20102485556182137,0.7640932873197945,0.7397004419964304,0.44562647778724274
27,0.39266945302199796,0.9402315912181499,0.18083011974166063,0.4181155688714199
28,0.7011320581980713,0.9086488162192184,0.7784220463121161,0.757105668296452
29,0.6081575193496047,0.8783001750879209,0.24834033577507314,0.5764955630086607
30,0.6840047517566546,0.9747609660884284,0.0811138684917811,0.6929186094201378
31,0.4661403863646892,0.9025935968081868,-0.3579215902474131,0.3617057952884558
32,0.6576990358673843,1.0315948013386056,0.6406456360560234,0.7993926376253894
33,0.7093567597278937,0.7865665777848683,0.2689100719346202,0.5507508829897133
34,0.8177931419238995,0.7802719429677933,0.9852490456344815,0.784598581085128
35,0.7206642790276045,0.6841564075598459,0.5398604962507648,0.5833225979581489
36,0.7637492804132815,0.8347985745907729,0.759819288949803,0.7074998941535385
37,0.8342145604608997,0.8169478693740169,0.05329315156660658,0.4793247220617595
38,0.5895998118269932,0.8567583991766768,-0.06607508942546997,0.5279406587216199
39,0.8019647682174929,0.730464100130337,-0.1807143975867827,0.4873352115193584
40,0.6445430753052758,0.9050810375271061,0.4480798173325562,0.5196987731752369
41,0.7611784276816341,0.9841900105797186,-0.2641565154114052,0.5262320186422706
42,0.7401069538569309,0.7890679948119662,-0.19171180425310433,0.5310989752177506
43,0.7923170000941487,0.6634684337634033,-0.10314438990737296,0.49405479797944774
44,0.7743538679045531,0.791634835516496,-0.025675254584967083,0.4813018318349992
45,0.5805342188829983,0.8860908601619635,-0.019427430818642066,0.4472394805949887
46,0.7244605926680532,0.9991486139293535,0.6886471806279099,0.7523076220752433
47,0.7121187103528741,0.8266993348722647,0.09652162781354434,0.5267809846713398
48,0.7547915858188083,0.7702752089503915,0.07042307752906093,0.48754658143469815
49,0.7846338740445591,0.5354161150738901,0.4976690784326131,0.5207699240847832
50,0.8912125665222791,0.8095790063932088,0.39021333618990767,0.6353899699104729
51,0.9164331003823726,0.8163619670501558,0.5962762766842494,0.7888927417243236
52,0.885242016225181,0.7005963839413037,0.16654827189310956,0.7100466120443342
53,0.8023995210315097,0.8272630425540297,-0.10792961171366863,0.6377067700778472
54,0.9020049906270221,0.6687948481784323,0.04246463340617865,0.5922662056665762
55,1.0529202329409768,0.8462814058662184,-0.5650926826037196,0.6445499718160499
56,0.8124982495540032,0.7314265550149773,0.17329978383701108,0.5311048916333221
57,0.8665812491029924,0.769265036445909,-0.24789739502288843,0.5536225371739608
58,0.6873600713205059,0.6499963295376538,-0.6784046665910224,0.31313857338640433
59,1.0662251332134067,0.6664321669071213,-0.23346279830354938,0.5998720797781038
60,1.0480263535075516,0.7074569092932428,0.07984785507699851,0.7237934820953206
61,0.9566068237303238,0.6297400761039428,-0.25788620467156886,0.4689744486972389
62,1.1060321959135861,0.4658500081134862,-0.3081450572893318,0.5205300943594493
63,1.025123624434508,0.4304268026128334,0.06925309992976797,0.5330874267366894
64,0.9514952363520032,0.40053784080595645,0.18721760450768335,0.504886431886587
65,0.8767920147001038,0.5968538443475786,-0.35452164605682246,0.49713804513211846
66,0.9515818360400623,0.6807116770970006,-0.15061764527679755,0.5480540026535289
67,0.9774198226469505,0.604102182340581,-0.2101706723688536,0.5195355870866609
68,0.8585893850549069,0.49780362248937937,-0.4319495157496798,0.3742025839376348
69,1.0599559041951345,0.3455125445870664,-0.9519978670013467,0.34358214434783957
70,1.013889105904826,0.548104702880243,-0.5599205974689001,0.5039741628086798
71,0.9977890915278832,0.6386097168886616,-0.42361074004216415,0.5115450372920695
72,1.1999026517169198,0.45338869025021744,-0.7451670646091322,0.4059548743263915
73,1.150197051140045,0.5057660777425688,-0.36231647569351055,0.6017925052265886
74,1.11031107576046,0.4163627622684026,-0.4111592612322231,0.5223116633853581
75,0.8130020183821447,0.3736744142394052,-0.3429606202984376,0.3267597742059415
76,0.904257762856785,0.3556977827561555,-0.5627861387000537,0.42121529515641426
77,1.0471271878746151,0.35900976418562963,0.24342967100785884,0.5189630566592025
78,1.0964799362170656,0.43634083315457606,-0.6721936789410845,0.4600445213613167
79,0.958006065035024,0.35782015056780353,-0.40039400091660166,0.3811777103809329
80,1.0452673881943333,0.32931078865250396,-0.6167073663336207,0.43155302464924805
81,0.84777789892222,0.2949014111296081,-0.4103410914442596,0.39057436303161897
82,1.122960034953149,0.32796573892212066,-0.5780311735818752,0.45627164161376466
83,0.9954195086558282,0.20427651302059285,-0.14196127378208445,0.40708488453297487
84,1.0715965885406589,0.3447452006618474,-0.4973582835424784,0.4298534424485752
85,0.9718990858607438,0.2775841706323342,-0.3224895506957206,0.3829568192117334
86,0.9334966711304088,0.3023992921576059,-0.16289557648582087,0.4186077813245832
87,1.0116258463750738,0.2627397177277385,-0.1016328378650001,0.4891676119493109
88,0.9997225826322792,0.2853538390419752,-0.20039667369793973,0.3926962929905041
89,0.8718739599910353,0.4370014097657794,-0.5342023560412774,0.3377335617590257
90,0.9948881678464317,0.2541584377181391,-0.5867147697007653,0.3558534815648681
91,0.9024318371775651,0.21276402125618765,-0.86170539367479,0.25684425954487006
92,0.9883415907029703,-0.07701874780297546,-0.8732426965880025,0.140990057040349
93,1.1706907946357707,0.1936241095379652,-0.28209180763799546,0.43869861382490555
94,1.029978625718072,0.22267957254321202,-0.8893254055091558,0.2822352316704911
95,0.8935765257700947,0.3148008860787794,-0.7104238851780235,0.2877149564933309
96,0.8060465302923658,0.1386277348121908,-0.5727606226156869,0.25717058925450864
97,0.9535562165911462,0.25014677267163166,-0.47043721919163806,0.4478870994891044
98,0.9997172015695445,0.012378769900472097,-0.5759043878936259,0.2671661999507375
99,0.871100172042217,0.08945990398151756,-0.03814328774259462,0.33759683864826734
100,0.9293269757348713,-0.190193057953766,-0.5505178307939196,0.22542730544281797
101,0.8910201624803653,0.11793144408983955,-0.4953330277061107,0.25562979186829093
102,0.9560427408298585,0.0792691040555196,-1.0329226008030963,0.16379995341606363
103,0.7963689842168005,-0.017521273599941416,-0.06991097983051286,0.2847868701998678
104,0.8623068112162618,-0.0002179413208512459,-0.7882173148957473,0.22142804785090814
105,0.9935488075721681,-0.034530249029295454,-0.5626315157195442,0.29531447387124593
106,0.9908588009168001,-0.12277090472637539,-0.3326450022744933,0.2854561151513795
107,0.871560854304539,-0.0026742003562898395,-0.05090330052629882,0.32367961807822404
108,0.8793834349939856,-0.009501235165240512,-0.4488601297490169,0.25886489542055224
109,0.8617673531715369,-0.18568007908874307,-0.8849069907032572,0.12548436305234406
110,0.7408879010564804,-0.1762768106445621,-0.6007900336350485,0.06655212707088039
111,0.9136409978234845,-0.0719841972207014,-0.18986512042494752,0.3386353053908714
112,0.9468657458319621,-0.08675808228685916,-0.09562118026723793,0.3521035435148374
113,0.7116433036786678,-0.4318402518771661,-0.20860737389628303,0.021737238555578964
114,0.9677674741970853,-0.18203907642822492,-0.4059753049704035,0.1972209250330722
115,0.770838439056904,-0.19790433598905247,-0.4736317312796613,0.19437118457135127
116,0.7252278145435018,-0.07840993770001801,-0.6972480419322545,0.04963716829667958
117,0.6549417260686792,-0.15422130733867384,-0.019900719670068956,0.20758780202994945
118,0.8469954111231194,-0.3048279094181716,-0.20657472890967044,0.13365241980869147
119,0.7791069973159405,-0.32044880071376525,0.20930235018152044,0.20820668868817796
120,0.6868802645826635,-0.3734244327376265,0.21685450581621576,0.237774536226357
121,0.47088385057578686,-0.22203761848233347,-0.06019615618819993,0.05766379692191006
122,0.6995896390703229,-0.11891289126402935,-0.2059321568084535,0.25482017209220237
123,0.6397068177105755,-0.13610326248924315,-0.4283286038010766,0.12638774960556273
124,0.6805345933919714,-0.09622211885401369,0.11435360888412582,0.19728091864295846
125,0.6206376429589451,-0.27036505599240834,0.36379922780313534,0.1656407424633177
126,0.6666018808872276,-0.30727172122817437,0.14145171252717548,0.16269786037609293
127,0.5876233813246904,-0.22063708891172779,-0.0531693143102551,0.15309981957707405
128,0.5764424879598853,-0.44170540970332284,0.019471683395251307,0.16954545122801717
129,0.4482915938479608,-0.36873494212674485,-0.24481844951163806,0.0773173496426226
130,0.45186395981476696,-0.24806839166640182,-0.31062958326758033,0.05932803113652985
131,0.544437188303804,-0.3306159826411361,-0.043296101697946066,0.11094734585827767
132,0.5057883413528288,-0.37545566066459496,-0.4364954466317116,-0.057491374655910726
133,0.6315149413888503,-0.2255336522597517,-0.0278527913234016,0.1465350188750054
134,0.4163108428165144,-0.4203678684377629,-0.012909041988179687,-0.09228557571109103
135,0.4025949018918876,-0.23173676380046576,0.5142871703538434,0.23653140537791617
136,0.3076928294074206,-0.30955395335402835,0.2144671285120413,0.055423176886500614
137,0.27943588004596287,-0.5067366252833364,-0.3522995468862139,-0.13535979066988263
138,0.4207650797532189,-0.38419094838465173,-0.25087994881471487,0.035258732771200736
139,0.4714417918462287,-0.6224804646608674,0.037231632110668184,0.028659972696510043
140,0.496273440723181,-0.6087706938826336,-0.030205706620040462,-0.010822444966993498
141,0.40627063040392253,-0.5913770181642555,0.42998267616598423,0.08934504143111342
142,0.3308735889445765,-0.5581638805048905,0.2570627433109169,0.03900447276638601
143,0.38982446189282927,-0.5511140071583237,-0.20755912736026957,-0.024755923449676424
144,0.018809528843476392,-0.5147027029535046,0.0709992475386832,-0.08618202755376965
145,0.28610358750330084,-0.4514602414252449,0.4502486518316151,0.07946268345228871
146,0.22842401061379827,-0.4892641171460008,0.38711778032278016,0.017659142554461195
147,0.17027645189181126,-0.5932812253679477,0.5437974185689435,0.07840329684465817
148,0.3002901674840831,-0.44889128224353114,0.39609702507540073,0.06394178777605786
149,0.404226090756426,-0.5820549235624493,0.58175378978339,0.015540133380731333
150,0.25184365430159483,-0.581971010372049,0.5822331404404117,0.07597650508185673
151,0.18348741827213935,-0.397184571825965,0.2608893492867528,0.02412292420076499
152,0.009732604488309926,-0.7738785314791693,0.04255924402739836,-0.17193488763523948
153,0.20448338696457824,-0.7138248931652371,-0.34941145887761665,-0.20055103297638754
154,-0.0837766815445011,-0.7290253213482923,0.3301302363255938,-0.26417233016337427
155,-0.1088556616860077,-0.7947141507362163,0.7073873055158532,-0.1713161331353282
156,0.14433614125925376,-0.6069774070721242,0.27965014882019457,-0.05915882099178373
157,0.09536896987135778,-0.608545772944779,0.5288706176033169,0.018818336996439436
158,-0.27678200927211444,-0.7511728494847595,0.13386336999956738,-0.35223236949234216
159,-0.07503836144139728,-0.6923802945122219,0.2979432718184396,-0.21144151320191662
160,0.0922705529500427,-0.7640001692109268,0.42338496306663154,-0.1542382890403394
161,-0.08385093535974317,-0.5849216307422419,0.04463918241830078,-0.19171612846299854
162,-0.15496498770432415,-0.9274137399656237,0.3061103985361141,-0.2055427825980204
163,-0.17256006917461625,-0.8193389884993494,0.06400174588548552,-0.3021141849618036
164,-0.21055260400910558,-0.7721684132250807,0.25005120225704847,-0.2885080741569841
165,-0.006375667824272541,-0.855252026140697,0.3265624568040537,-0.22220320472312255
166,-0.3532571048745562,-0.8211855009930504,0.20487543319181456,-0.3111293268063669
167,-0.10546318995143604,-0.9513716594830045,0.8056008220529214,-0.05415127513281129
168,-0.20208095268527423,-0.9828303859745853,-0.09955779554019911,-0.42004753098970493
169,-0.2438334235349092,-0.9786328249428121,0.9958245708603974,-0.1698966926560891
170,-0.32254314610237844,-0.8961696454542569,0.4799972010955911,-0.34935816333736563
171,-0.21159089269432113,-0.8562733231550761,0.7242615239506998,-0.23930608864278732
172,-0.3138851721699803,-0.9528942734339378,0.9831568381966853,-0.2179182733207094
173,-0.22257802513106897,-0.9713630273945097,0.2699487071694998,-0.3019491806514684
174,-0.3046690872939044,-1.0253943780815609,0.42479356681930436,-0.2905159172813144
175,-0.3376422629722316,-0.833219445468276,0.4738619375496817,-0.20150584961971846
176,-0.23777445862044091,-1.0037501301601421,1.0251102208537344,-0.2680026723647284
177,-0.4680186912319929,-1.0099174028180977,0.4251308556395861,-0.42673217070600106
178,-0.5000662423312467,-0.94915820232082,0.37360322662978557,-0.3676657772785055
179,-0.3532175744879941,-0.8169689174607437,0.40949590184725243,-0.2281412216947991
180,-0.31005302356961495,-0.8913733438293375,0.35340517119064824,-0.30895798121356743
181,-0.5965115432426369,-0.8891599152922397,0.8627020356208487,-0.3043821606341122
182,-0.3647511947081511,-0.8819348297553075,0.5227988130293808,-0.2867854368634141
183,-0.5995653814207831,-0.9026970677877514,-0.0032832914667755286,-0.5495918470041274
184,-0.4452945858837931,-0.9398606704905555,0.030825079220826557,-0.41561409046768055
185,-0.5106682031737695,-0.9867970431127115,-0.322153987732613,-0.46716283184211976
186,-0.5471713389548438,-0.8004065553818811,0.613435494010127,-0.30325893038806934
187,-0.6544275224603586,-1.0599736350839535,0.09008638030793714,-0.6112978005968307
188,-0.5411727719853625,-0.6898015939322606,0.07648955808464836,-0.37655367699446674
189,-0.5180956572369655,-0.8511388431966936,0.44228156068695457,-0.4250848512207055
190,-0.5265507268461503,-0.7906103839345358,0.2578715476147723,-0.35836638629905015
191,-0.6966888285896894,-0.9726823691774278,0.3880670274589366,-0.5105286850394856
192,-0.5902913319156965,-0.6846390031386818,0.4696251822845062,-0.25643961620609534
193,-0.6062361387514886,-1.122127846958244,0.23288094412617072,-0.4743674396027118
194,-0.5495709189247889,-0.8966562232706285,0.6437686851296476,-0.37348778237951663
195,-0.5375453880944479,-0.9913108337454487,-0.04735295375921683,-0.5229058739077441
196,-0.6616229656004098,-1.1000603900354442,0.5965598739994615,-0.45849007984563234
197,-0.7292794383610244,-1.0369474600230253,0.08889122922064577,-0.500861359718615
198,-0.8917049088352068,-1.134035355300266,0.20649227379437635,-0.646569775264724
199,-0.7844745603269575,-0.9453884977812219,0.2833590498912316,-0.6758970067727005
200,-0.8600378626255,-1.0449954323814654,-0.41465280316446973,-0.7350904515198223
201,-0.6731359688961364,-1.0133642733915278,-0.3431575313700018,-0.6239435501583886
202,-0.9507266704516094,-1.0024500157866152,0.005040534163001015,-0.6642845756215041
203,-0.8763998448841182,-0.9321308573743785,0.24448486409856277,-0.6268453588581989
204,-0.8161271001494285,-0.9226422402834371,0.6270827474731397,-0.42883377220632135
205,-0.6912593030706076,-1.0151622551075594,0.5238335131912736,-0.5647910326196666
206,-1.0890351244737557,-1.0597175917647024,0.13359979385709372,-0.8009777646360907
207,-0.9708245535840141,-1.0341568447913645,0.10709410134809769,-0.6098208971340289
208,-0.8706460926051774,-1.1748801075400515,0.33258846135433023,-0.6498163651057418
209,-0.8152064374848426,-0.936858477588093,0.5312786746429361,-0.49271465906624784
210,-0.7893669756930378,-0.933500520910466,0.3352225356150379,-0.5447522807791096
211,-0.7781782599290082,-1.033411883094063,-0.21700648645502563,-0.6834449555408092
212,-1.0048782041080437,-1.0838562989776055,-0.22590667612073495,-0.7275126587694976
213,-0.7965412123975801,-1.118651212710579,0.2512027439955484,-0.5461097705951048
214,-0.8294322871836186,-0.9897918088027847,0.28443316046088707,-0.5521509053788275
215,-1.0738401011994703,-1.0059617096853113,-0.09326420940302035,-0.6848267352730072
216,-0.8401939501523409,-1.0659311244000995,-0.09483180414875635,-0.6542038004278007
217,-0.890946968539997,-0.9904497184714086,0.06168478753739656,-0.6029298739007657
218,-1.0384225545607169,-0.7977536197915728,-0.1139084982397639,-0.6678084149025179
219,-1.13515768277974,-0.8433088225014488,0.005256062944452244,-0.7082697664452654
220,-1.063120307418098,-0.9766104872062566,0.031954920870904985,-0.6933793308384782
221,-0.9737283863225733,-0.8865174486250251,-0.25285811229902305,-0.6569229011988367
222,-0.914584582267827,-1.0588316679660326,-0.2199919004265721,-0.7100621959613485
223,-0.8586069487695288,-0.9651721327859207,-0.55379461821492,-0.8082130657436113
224,-0.959855884077201,-0.9233472457580604,-0.35790639154603804,-0.6422984699807984
225,-0.9663135233212554,-1.0364457826160758,-0.3226734537464267,-0.7750437204556038
226,-1.049726130270966,-1.0358199684139253,-0.706607117840208,-0.9028881357082621
227,-1.0107130375496682,-0.8359393625151823,-0.2715673555514723,-0.6417708238004641
228,-0.7968589807691072,-0.9075932336422619,-0.10592087137693673,-0.6283370692233847
229,-1.1022283843108416,-0.8639683910720555,-0.16784505104360178,-0.7912196342140287
230,-1.0874764654833973,-0.868717000311007,-0.37269777374089597,-0.8360398090668623
231,-0.9634732478736777,-0.9855653272622362,-0.9083192474832125,-0.8914660663065117
232,-1.0037121330602503,-1.0041666404984013,-0.2623965541216659,-0.6616714952201868
233,-0.9127524240674609,-1.052101680122592,-0.5722050829888699,-0.7818664985571757
234,-1.1353415005797063,-0.7850419726933993,0.10502330340310945,-0.6896764834895479
235,-1.0414514371223451,-0.99857495893559,-0.2519575937225611,-0.7047833688361462
236,-0.9166803903591916,-0.7335780341650334,-0.0945286849797381,-0.6361552868036914
237,-1.078319154823384,-0.7464483095479537,-1.234054288963255,-0.8814477492002379
238,-0.9693309596915778,-0.9468655211072332,-0.1526214501466977,-0.6187500978124487
239,-0.8226088010636678,-0.886272777604794,-0.45501059110336717,-0.670680923928463
240,-1.0219139165976423,-0.9396592698453683,-0.43398494683374533,-0.7586648928337787
241,-0.9979932280000571,-0.9490120628315685,-0.353662084447051,-0.8592309960507367
242,-1.0416713318521384,-1.130198630044039,-0.2196939933538271,-0.8069713631164109
243,-0.976852871577732,-0.7191477807722498,-0.6234772047246586,-0.7926241613933911
244,-0.9949789673150621,-0.9310354457072906,-0.20871494134638352,-0.7743121760186897
245,-1.249536541035301,-0.7896976461260956,0.003891573443537355,-0.7072960527598111
246,-0.8717389990000898,-0.7513251410805333,-0.39171214167452245,-0.5879007469882068
247,-0.9213213155290283,-0.7499444326934213,-0.8457228650236517,-0.7673971825251881
248,-0.927049516238653,-0.7866727158339664,-0.9795701114264082,-0.8094656357148492
249,-0.851934765110758,-0.7670049880778158,-0.4405150642715457,-0.5966524665537771
250,-0.8969754397934906,-0.8966852213265768,-0.6078942847703984,-0.7306748557163082
251,-1.0050378381078282,-0.6454107435628829,-0.31293548106336855,-0.6971886857980492
252,-0.9507197628709764,-0.9804598826388802,-0.06913852855387731,-0.6987138459938187
253,-0.9048635843597389,-0.7594207140013048,0.2996410740481799,-0.6229080653041383
254,-0.9225522317107059,-0.8259403733054792,-0.4086984398299984,-0.6844643059417597
255,-0.9378284374023697,-0.8799196722708881,-0.6811412996766671,-0.6899230298636135
256,-1.011520022017738,-0.7358742085885926,-0.38321262854997606,-0.763482561141126
257,-0.9545631383978681,-0.597412185982616,-0.24712615797341578,-0.5882084503139887
258,-0.7162826713524515,-0.6268468020648947,-0.9328722821371498,-0.6412812280077017
259,-0.8082940356543121,-0.6443432862608608,-0.4541486576090565,-0.6274074402067444
260,-0.9744848093686387,-0.7400455001165761,-0.22806401276732619,-0.6559081041085546
261,-0.8398724274248924,-0.6309208937934543,-0.36684946047450445,-0.5344895642922983
262,-1.0064900211659553,-0.7419486956167021,-0.691522903334094,-0.7356081743529963
263,-0.8953986834649842,-0.6659447914301347,-0.4813786572721381,-0.6173905002280761
264,-0.7067543573163085,-0.6897055518323365,-0.804238598413237,-0.6532215488739234
265,-0.8066953204852484,-0.8447024465363615,0.0002940666369904976,-0.6042110230602463
266,-0.8666915538962707,-0.5403167590589294,-0.36617312331773477,-0.5424851007844064
267,-0.8136191779613327,-0.6069831439469068,0.006865695916154546,-0.497128538774608
268,-0.9680441369669013,-0.4917041233653273,-0.05816718953656119,-0.4881441713715292
269,-0.8041644941359107,-0.664757501136434,-0.7930701171389762,-0.6163962344804144
270,-0.9839401143595896,-0.6518393026750894,-0.5381935492739961,-0.6627979825586909
271,-0.46516829622798367,-0.5646535153019893,-0.03367663901062812,-0.3966091267159809
272,-0.8328220503679493,-0.5132058325255021,-0.30227624542065323,-0.5839162464702492
273,-0.6604883753393467,-0.7271457185119223,-0.25681806098022814,-0.6224595077443925
274,-0.7259320434912835,-0.5459880481624122,-0.431929920309973,-0.5697203408194998
275,-0.7255730846627539,-0.6385357347511772,-0.3882870785213952,-0.6584328330185417
276,-0.7504983371629379,-0.6764232630665105,0.08154763923307157,-0.48515426877992024
277,-0.562524974659073,-0.5592828929894774,-0.773254381610054,-0.48552546452930107
278,-0.5372541684570727,-0.4411840878247338,0.004215502494959389,-0.23209171498473807
279,-0.5172928547049516,-0.6426436812458883,-0.5471299257204009,-0.5987612995732
280,-0.6398361864929416,-0.3258198227566178,-0.599367037865291,-0.4195842442964376
281,-0.5961395059986692,-0.5708464613026883,-0.13916544232137576,-0.47289756956601414
282,-0.6509985307712517,-0.3280615063292589,-0.28551214515368695,-0.401204134307563
283,-0.5272552146488525,-0.45868365678065864,-0.3489592746536901,-0.39603432894595575
284,-0.5473618268526962,-0.5950849970012329,-0.20116798671739522,-0.4572160726599791
285,-0.3989095490688438,-0.4084826515225471,-0.5690568352874523,-0.38252313522773856
286,-0.5202394405759545,-0.29234614266407116,-0.21569713079330707,-0.3851359329735792
287,-0.5477690244434423,-0.39209591454669646,0.16636534955207843,-0.2784702261121329
288,-0.5988887148285805,-0.2275389346032436,0.411396955491027,-0.19573623398633447
289,-0.5903215343742179,-0.4712834133864474,-0.2442889107303553,-0.4683585645756976
290,-0.37853048545402407,-0.4332909749264538,0.16008432271119233,-0.20454786484051465
291,-0.34371753701365404,-0.32129812503583327,-0.37775328439790634,-0.2889370211626154
292,-0.5237874669574412,-0.3076851377925491,0.059957755532804795,-0.3143231356825316
293,-0.47987297814625873,-0.27353706803678746,-0.20451286716516115,-0.21017358011376985
294,-0.1962911652280101,-0.34675262251309785,-0.08441397405709372,-0.2653205855511979
295,-0.3340552113458915,-0.07725230812935024,0.059530140336395525,-0.09859427701780069
296,-0.3814739031413487,-0.3200686284417151,-0.09133740657533498,-0.3146197918770401
297,-0.22521389583000712,-0.14182925146083086,0.1955712353516375,-0.1258864908442882
298,-0.4031249157861005,-0.2303333943612277,-0.07465137249174444,-0.1425140169877639
299,-0.23568906753507268,-0.15221158679381253,-0.26435796287170876,-0.171924072698539
300,-0.45923765813242295,-0.07420738585783207,0.658627369841386,-0.05434786376231751
301,-0.2925440148425755,-0.12453904237193938,0.19049941372601478,-0.0696270975076661
302,-0.3033506712710558,-0.1554065938441041,0.2731241231199398,-0.08286957615938814
303,-0.29862953512208146,-0.3668438213140755,0.5620789442623049,-0.14850396110436248
304,-0.11450915427874281,-0.3953204892064463,0.6986357346630178,0.04878435726942669
305,-0.18019716785267031,-0.14216824643482623,0.21884066891115622,-0.046171545696301414
306,-0.22272386779344594,-0.030951051545448874,-0.003008659539441405,-0.054616001751224476
307,0.056386262617722366,-0.03720559952159756,0.7468902695283244,0.12821119111760465
308,-0.0929414543524733,0.05912068521525243,0.4223978595886403,0.007663631266184523
309,-0.03764173082649171,-0.22486309034956126,0.6418866910520924,0.01124192420342731
310,-0.05229434384994385,-0.07402659308871638,0.07514199141028943,-0.050823030717501494
311,-0.005731959435922564,-0.1332105201804788,0.10960610898403483,-0.027180239760857726
312,-0.1246322174281384,-0.10580100635116108,0.6176867915774312,0.07719523568763875
313,-0.23225225138283087,0.05961508942883099,0.621909627238713,0.12286225757081416
314,-0.07583121045701287,-0.12392555348837946,0.6221063431153786,0.08132145920351275
315,-0.12622042297464706,0.083068204308259,-0.254795014952202,-0.07625375880833452
316,0.027297859561406464,-0.0033427022155785475,0.2647816710079418,0.21176966426067778
317,0.09080826736733383,0.19067719215548232,0.9258094544142625,0.33314137960672435
318,0.13984734419489042,0.15956415865656423,0.36870727568990336,0.19495370346466032
319,0.16152553778027828,0.039486187663496757,0.4536143110725277,0.1599711049147795
320,-0.02215518157812335,0.19167351643746672,0.5594632923618377,0.131303021474042
321,0.16989677608061735,0.04702810824895792,0.7043171016644644,0.182213620846223
322,0.11062477037014351,0.18160006739601525,0.5152648304392539,0.18372189407920983
323,0.13552665365808755,0.2861073897216211,0.5799807787640372,0.18434275769469693
324,0.0640088058984512,0.22377997765220564,0.44781767710850806,0.17632188228778173
325,0.09284439679602041,0.14009298660224448,0.308786223870256,0.10673075072715776
326,0.3018073127503531,0.30998274289810995,0.4396490568640411,0.3218833786899171
327,0.2699939134570776,0.4680634677982013,0.5430598507988047,0.44714661807245193
328,0.045999260469009845,0.10105382443723628,0.7206672881667853,0.17781677206684454
329,0.17964500413739892,0.2186779937109671,0.49228105285977564,0.20604814637619287
330,0.1969922240082731,0.0902620358884823,0.3089537703562353,0.2329466906921606
331,0.21229737695597029,0.1816110579559205,0.29050069164940834,0.13070471241119347
332,0.22413106633913926,0.28211316477696496,0.16533690611932517,0.1884868344838083
333,0.45194932180738406,0.13573180250630726,0.7263794263044641,0.3526729203809535
334,0.31789721800076715,0.3100463842973693,0.3739183794549822,0.3119584672385289
335,0.4810835755867471,0.34539711538414763,0.6290945630243583,0.5427709403374035
336,0.6049522447060531,0.27968366522660665,0.1591737333644639,0.37161080748861236
337,0.4773936457521682,0.34756619233790337,0.4998181574973337,0.3686959018914575
338,0.529160613212518,0.3887883322429036,0.21822505576108905,0.37110311083256137
339,0.48355802044471363,0.5058319107123119,0.46149270100679274,0.4853908285143659
340,0.29237437521737336,0.22389103156898954,0.426073622846297,0.4025580766532406
341,0.595537551096788,0.1955479825399487,0.36258483011208475,0.3446424475944024
342,0.5683896113608612,0.4063280289627585,0.3840121977799926,0.39940279650600463
343,0.43705578726419914,0.31955246184195507,-0.014340495501266315,0.25888900538648957
344,0.5412891043070716,0.4912372470129358,0.3784901640271207,0.5336699248340566
345,0.5166726858564877,0.5379863015676143,0.3214944614701922,0.45746040364021523
346,0.7043357138473398,0.6206436493122676,0.44798554328546464,0.5368495049431582
347,0.6918656229728961,0.45558262042499115,0.6737259465393157,0.575838389473543
348,0.4918247810519238,0.5586940857745354,0.005785270769221362,0.3649519635763096
349,0.6377985792633882,0.5210705565439372,0.5493106077268106,0.5218797482580892
350,0.7208659124148571,0.6039299620838418,0.6353012845301078,0.6707661014476468
351,0.822143444593809,0.33672026990417786,0.10034195167563595,0.4621817958869245
352,0.810465178981983,0.5818067599548233,0.19517873779920725,0.4832449814218459
353,0.6636247132990334,0.734579636666441,0.4872643232548411,0.4744874834192364
354,0.7009015552772419,0.6516457704444699,-0.14541392321131774,0.4739771085791614
355,0.718946349220008,0.7707538761019778,0.7147135663914731,0.671798495145178
356,0.8507931953598219,0.5390283529692644,0.30936325013326454,0.5592184434245977
357,0.652384244998824,0.41624000608008116,0.24177149144599222,0.4224045564845144
358,0.7602531788244682,0.6344049471609593,0.06887226412264219,0.5142788905617538
359,0.7992547846047063,0.7479764336534988,0.056281361504188776,0.49476890523950867
360,0.9177028578012785,0.633282055404451,-0.07833445651508478,0.5985299611807969
361,0.8441719831539783,0.6258731524829413,-0.18365813709411233,0.5056893063794885
362,0.7136237635898917,0.7528997182905173,0.3375120379784802,0.6010527481390018
363,0.8794449193524255,0.46296789309781083,0.7752659168929524,0.6059795051095604
364,0.681050233905994,0.6093717400008325,-0.07140588670221025,0.4997191118041955
365,0.7701851659102912,0.5567955489393314,-0.1705447012895185,0.4695514709099261
366,0.9252591835373136,0.8905510347993291,-0.36162527640461234,0.5327260901283526
367,0.9169422506025573,0.8489820272417006,-0.24135318401952655,0.6207465832837177
368,0.9359331229089993,0.7421154111238077,-0.2006389251452186,0.5566686686618607
369,0.9072040886961349,0.7576340941881496,-0.1381118844760591,0.5728828021816652
370,0.8425064485064121,0.7501091801796429,-0.06680569454058576,0.4476930104252993
371,0.8776566733337556,0.8151027993840089,-0.02379595864089471,0.5832996514974957
372,0.886066687947878,0.723793531029522,-0.10156492146150659,0.564836116796086
373,1.0275284611580031,0.7442898971198308,-0.4572845451768901,0.4654454931077699
374,0.9878902662691758,0.566867185976488,0.05768134891200387,0.5199627604531855
375,0.9130736021635715,0.7246283521668571,-0.5163397750960514,0.47795750197965964
376,0.995100056224142,0.7512812234886682,0.21904800912454667,0.6269729291556435
377,1.0801438428149832,0.7216732508484586,-0.10005455613682998,0.6075466692571064
378,1.0026258483117956,0.8033388002667077,-0.21481112142505698,0.5657123148299169
379,0.9613387318718531,0.825842697044845,-0.24311332249929843,0.6101664086598418
380,1.0418937873985934,0.8370812957144148,-0.07355873512898078,0.6837648300654342
381,1.1166145617908787,0.788511676798188,0.2613634711867284,0.8380983770054359
382,0.9200733004731301,0.993479693716329,-0.6389624237286957,0.5405984879523055
383,0.9344209898060216,1.0790484260176243,-0.47218393249135315,0.5879756734527704
384,1.0420226966474129,0.9598347962566147,-0.04657290811710252,0.5938256430180379
385,1.2109478698900207,0.8791086669083051,-0.3374045211602179,0.6286550368410648
386,1.0113344710182444,1.0197659397425822,-0.2842939642256587,0.6271664052554952
387,1.035416364160462,0.9464450014451626,-0.8588659073032727,0.4325696721518521
388,0.7062136569150974,1.0075953905689143,-0.6201504251788179,0.4266365060862311
389,0.8805457613264808,1.0171525530838381,-0.9562072694090793,0.45710032480054114
390,1.0105862130576855,0.8485383814548709,-0.9292290857091627,0.5190943704566934
391,0.8949173341731538,0.707226289484026,-0.35811937163777974,0.48554332372649234
392,0.8098165378164084,0.9097701278398803,-0.8284271295720655,0.4700629097347218
393,1.1128013353564195,0.9462814248937549,-0.3983694444828375,0.6417203951273579
394,0.9068906236540167,0.7619480446505982,-0.542461210501361,0.503016623069329
395,0.9164819573081064,0.9521008963656113,-0.4527658120201588,0.5628026625206569
396,0.9689643161831492,0.8857864430966803,-0.27207040355821993,0.5379731489892741
397,0.8894802677606546,0.934667317444683,-1.1050168832007095,0.40048078676139787
398,0.9767849460975946,0.8996203883605719,-0.3877590122549879,0.5477737552956623
399,1.0590272688263276,0.9691033538118172,-0.17173958532401318,0.7133594172139048
400,0.8385836498468959,0.8344909361682757,-0.41778903549755586,0.5047406126087414
401,1.0356228867687702,1.1608384926353816,-0.412962710860612,0.6713326053682609
402,0.8316610537106321,0.8627358979416507,-0.5267081604263543,0.3918759180429301
403,0.9134826395011292,1.0060966391425632,-0.22437431860256224,0.5920673376739569
404,0.998467207949138,1.0523878573393322,0.022974791589372268,0.6509554400483432
405,1.056423728164316,0.8200839498003833,-0.8758177078575653,0.37820015917359984
406,1.0169927217468333,0.9789432117782094,-0.5920699328572028,0.5507849376340174
407,0.8791562940466435,0.9263646186269794,-0.5144951582166251,0.4944409828699513
408,0.9987847450073616,1.143041368965471,-0.6796149279810805,0.7343521842288327
409,0.9483483751089691,1.0764751912397441,-0.3551963455474003,0.48842757823673044
410,0.9430263434963784,1.0026485117483275,-0.14474455085172316,0.6686168356959048
411,0.8097825966028309,0.9546307010433871,-0.12310529858356767,0.5521024330300336
412,0.9569565305593697,0.9949028310352162,-0.6966554139570679,0.5668815620119152
413,0.6918631579361583,1.057335260365652,-0.02055099589415671,0.5838056373796913
414,0.8373048034228918,1.1055498968988642,-0.4432751432757848,0.5258331744373486
415,0.7528104804726667,0.8920312435574247,-0.1106047875291763,0.45075258594498524
416,0.9776115361912021,0.8729765852283828,-0.2884565267737652,0.5826248004983896
417,0.9423061797304886,1.0012732591094138,-0.661356331324796,0.4772898448965934
418,0.9458320825665432,0.9574259177537423,-0.6630929450136562,0.5971853671881142
419,0.8733213808384531,0.8411246973543547,0.06153340808365221,0.6246012140116243
420,0.8149885439895308,1.0646885990283144,-0.5717887823209338,0.4942178129413088
421,0.9423881344638603,0.9403258439189237,-0.7024810162924804,0.43932648128932916
422,0.7130526238886926,0.9490220502074809,0.1363788339145346,0.6556116018449061
423,0.9943396854059967,0.9773276520390707,-1.2183715563084268,0.3671697377129748
424,0.7926182693582092,0.7396029553869827,-0.20685630405677516,0.5092960495681896
425,0.7889070665261054,0.8904388906277613,-0.7783351033289119,0.41303957806262054
426,0.5311789854686579,1.0074287201766943,-0.5780582560887033,0.37732045337545617
427,0.6040308043712321,0.9207667839839754,-0.6418430667452135,0.4233655375363964
428,0.6811145862742268,0.9439938427039347,-0.6669942295300897,0.3840616557949026
429,0.7855391138793697,0.8431645622585954,-0.14489696698667553,0.589104908411246
430,0.5109198239326538,0.969285023087574,-0.36016729910558626,0.4732971880318262
431,0.6464179685435317,1.0853312041025698,-0.19763625898685758,0.5283666213019569
432,0.7742894154570361,0.9646502404387982,-0.6266139244845561,0.5427657790326257
433,0.4764906374698432,1.0738960981210792,-0.56130303655538,0.25292645407053327
434,0.6361129810822344,1.107487122288328,0.1250476084790488,0.582974164894138
435,0.5813587738814953,0.9860045920578437,-0.03620258675663715,0.5430164581640503
436,0.6979689503445121,0.9319925392123122,-0.4007389877354325,0.4230463075494846
437,0.6140829719995334,1.036531774372971,-0.12885006578108663,0.5375832233273199
438,0.47845058699127097,0.9051895445545062,-0.5294990921703802,0.4081834046130786
439,0.8397939405295295,0.9946412718157503,0.2155382853744956,0.6854483331105102
440,0.5615959655873725,0.8480421468123778,-0.5230813903908796,0.39649693976423694
441,0.5063999196490213,0.861689166292784,-0.27856156132614207,0.4381206390375224
442,0.608620377284186,1.0405888866248498,0.33707950178432394,0.6098104861933863
443,0.2766604798083038,0.9441153251839376,-0.1293392537667561,0.4279913849361944
444,0.48227799867324883,0.9188069986833092,0.522674224351833,0.49464249249194525
445,0.4522307213748847,1.0142566930178243,0.1251464409682606,0.4968740941854655
446,0.4283905903853501,1.1041877542607423,0.4894996135151374,0.6055058154341385
447,0.5047981305983311,0.7252743919059582,0.06432526116809764,0.39218076564194804
448,0.5903182143669103,0.7771133999623141,-0.16158062946719667,0.459796869655039
449,0.603914637026752,0.9736473137731727,-0.44635657436942505,0.41595630689393603
450,0.30880727773471905,0.9013688525139449,-0.23553565631622547,0.2768286473326421
451,0.38525684938449023,0.8355516792396788,-0.1918800189440039,0.38792717336784455
452,0.4660138865988086,0.8728890457410197,-0.357230466237364,0.3863656889783259
453,0.2243860729597322,0.7902839491740459,0.0786146041417411,0.32258725723029885
454,0.395758781170906,0.6707476069481426,-0.23901751123065837,0.37775844771203065
455,0.407355990833788,0.9063601657304438,0.173807982110035,0.46425529379073766
456,0.13425871825897004,0.7792274252161698,-0.15973715157933388,0.19549942841936296
457,0.6154597475963757,0.5784183697726242,0.20466048229636294,0.43183051967945696
458,0.3715651029700663,0.7742048564102186,-0.20026323769353296,0.3390520130887703
459,0.3022244744715209,0.7551172511413521,0.41579897563714163,0.40838724519594066
460,0.13087221066063226,0.8332384481097577,0.43839587015419024,0.3843614850769197
461,0.38544020307913046,0.8355119796639529,0.3407167007813748,0.44372800949133584
462,0.1819387935693336,0.7828505932891612,0.10357951854805017,0.2684545007005841
463,0.22854639569345384,0.7441456540361477,-0.18486419962456258,0.31084669579770463
464,0.09146198410570161,0.819986989256614,0.7005029976063315,0.45417968027166145
465,0.07967832550468383,0.9373002711611907,0.390577593246195,0.2981742614520655
466,0.03379418726888404,0.877929661263769,-0.03662110843194083,0.2964012716832936
467,0.20518136425236483,0.8371180232787939,-0.038484597915888596,0.31088055557935257
468,-0.024797596756388443,0.7914575128648974,0.15016199946541664,0.18121926419790446
469,0.03153019946859102,0.7528899772564885,0.8152075419895528,0.44724865346077386
470,0.00595914264364697,0.8522781733844942,0.6544822422016722,0.3852655374878174
471,0.03091995520543767,0.8717240591500848,0.27830066365323314,0.36474354778900303
472,0.11894804783919616,0.8127384598365932,0.3145864242677304,0.32013642040403406
473,0.029342821388004738,0.675255689952396,0.3822398624992238,0.26384348201820484
474,-0.00650500653894464,0.6600823751039353,0.943835800665553,0.36934996341134635
475,-0.21892951700441993,0.6258467816270152,0.3692653128177803,0.13888169232730352
476,-0.13427548607993017,0.741452771022533,1.1710575484002614,0.4157654554054035
477,-0.22091504222987357,0.648370058662946,0.33389143644446273,0.16822296659858554
478,-0.14065068453754204,0.658271265624914,0.91122576587888,0.32090609180774654
479,-0.03721729122291244,0.72491433558868,0.4149049995718114,0.2616075047688976
480,-0.06599596136746722,0.5263196992866029,0.5236670634646703,0.2568584215785372
481,-0.16816800046354957,0.7273908244689578,0.9215191277480146,0.44930066518841477
482,-0.18192185195495345,0.3920849700246378,0.3649180801106967,0.09932492469372617
483,-0.18160611609090438,0.795129973055545,0.3248685416142685,0.2635623558769267
484,-0.31992991619624667,0.49500602130407806,0.6085575481002464,0.19189525947619057
485,-0.3287957848059775,0.5443879407873762,0.4575121639924488,0.13137423704012655
486,-0.323222616457312,0.44867751649398896,0.5617697819981624,0.15633475787252998
487,-0.3255198168330919,0.43361692413537595,0.8740312280289757,0.13782848724623895
488,-0.335522807206063,0.49784674251010075,1.0379598467756297,0.21488461763129788
489,-0.02405123968564815,0.6710431242124679,0.5055102575892526,0.386512304368579
490,-0.5756829641454614,0.5450741267047361,0.5804896759590252,-0.03719261371568944
491,-0.4512272860279018,0.48902810618844217,0.6897637656861049,0.13429607110913794
492,-0.4414501053904292,0.5070475102635108,0.5432649751730976,0.1325215047972106
493,-0.540826496341877,0.40142369705181274,0.36492463775412987,-0.047709973085182045
494,-0.35511689514177386,0.28221695484422304,0.6509580755107403,0.05713662056406564
495,-0.3977352294848747,0.5321387285069156,0.5465168925025246,0.19884534159900996
496,-0.3951261690300335,0.29022023666851454,0.7108734017947433,0.08076479592476385
497,-0.6384147246118815,0.3932669733703533,0.5690422514986454,0.04808415193780209
498,-0.41020130364210994,0.35986522868629955,0.2624027033355233,-0.08907806338580285
499,-0.4497508139386904,0.5050552740901494,0.31307123223700895,0.05954557103875495
500,-0.49393608787223287,0.22544236095915732,0.1823570815385923,-0.08628019828527235
501,-0.4423255235813947,0.2656096063160409,0.31451726372672795,-0.056176656865859584
502,-0.7091775516255336,0.20984345447416236,0.35986275470388274,-0.05896210529989476
503,-0.6545597229865161,0.1257396080854437,0.1663629367878647,-0.16467329594849586
504,-0.5349727065161992,0.33689572109755883,0.09550628662658167,-0.07837283793319727
505,-0.5655395785110817,0.3583504446404176,0.8203309754751673,-0.010365168603893804
506,-0.8028073537897864,0.2643696524913579,0.05264501040118846,-0.15329265029382316
507,-0.6594161027698271,0.11229773251527667,0.3673224895898566,-0.14247193290829002
508,-0.8194608796018782,0.28676317525253825,0.6305153131925963,-0.16079428197270682
509,-0.6383285916837312,0.34797310412975574,0.24899384617798567,-0.1380331035303492
510,-0.7568800534873275,0.12306646285127586,0.5463251608854718,-0.12509004500774518
511,-0.9062539090988425,0.12690308138331488,0.4072077351809764,-0.22116947116587213
512,-0.934031988820353,-0.022597124604777058,-0.38138554035791805,-0.4752783529791251
513,-0.7922527103218959,0.034878353890984426,0.12885352756160412,-0.27270409476941904
514,-0.879000963614038,0.16844955282300486,0.33138232485284036,-0.21263663694822657
515,-0.5722456351853964,0.21976027180769497,-0.006662123015665239,-0.16041941728093786
516,-0.7300424612613863,0.08692381250098752,0.4820523782121199,-0.20288732220909003
517,-0.6362903750733409,0.10694849294388568,0.04960437865684547,-0.1470086834434352
518,-0.7072168963837419,0.08956484613799692,0.07680913070113045,-0.21791802300832053
519,-0.8751775802491855,0.20569784258623924,0.05463004917201886,-0.32484230188278324
520,-0.848918200550772,-0.004434645614229127,0.43497965414077,-0.1772063080169034
521,-0.90376629893467,0.0009119173736797173,-0.17099011094869512,-0.29256415079652864
522,-0.8190675416777663,0.087186842482233,0.6513337180923432,-0.1798755446273536
523,-0.9700112842225463,-0.027919286994393996,0.07272095680214363,-0.38030028683851996
524,-0.828478792692733,-0.01390229599438349,0.08556391846782246,-0.2845335891750535
525,-0.7630912132941869,0.09740645462430828,-0.1468343414205705,-0.31516405412276094
526,-0.8662413481984242,0.009648868292619975,0.36735378569224675,-0.28540148431808676
527,-0.9822926499680665,-0.019348208069186808,-0.06542974648619257,-0.43245223941149435
528,-0.9370515959045093,-0.006212744041677369,-0.06160089394381583,-0.34865525147243015
529,-0.7345854626681518,-0.20624004996776138,-0.23774796609803245,-0.35530702483707105
530,-0.729958070396412,-0.03337449008165912,0.5138095141855916,-0.2666289730120835
531,-0.8960852602080858,-0.16996242255338037,0.07998146427241273,-0.3471459574310521
532,-0.8609927835507517,-0.11530923062987043,-0.011711074841929514,-0.40595085899181893
533,-0.9301825906887836,-0.08855585130674645,-0.13521623033437766,-0.47869887793251864
534,-0.9113349286632353,-0.2593446005581902,-0.35623950664718196,-0.5590501622777894
535,-0.8092932689719875,-0.11656913146755374,0.1506067650213853,-0.29252147173113874
536,-0.9352209336781252,-0.21037824821190798,-0.3340813328621915,-0.52405972903166
537,-0.9617190573045908,-0.24140798240971587,0.22389567109200634,-0.34859859908955715
538,-0.8863033817164896,-0.2709588651432193,-0.3528393177633614,-0.5878288145206972
539,-0.8759232569293276,-0.13112690357376777,-0.4734601099490218,-0.5403671157269495
540,-1.0472192240161808,-0.1502767859347301,-0.0922744160783748,-0.505393324457038
541,-0.9352585582610862,-0.1875274348777058,-0.088336744917896,-0.5301562910135484
542,-0.9747066893040115,-0.23172343809688423,0.09905275645951211,-0.4459890953270027
543,-0.9878832505844319,-0.3659652683263654,-0.03610524708300816,-0.45919211681118977
544,-1.1693165416300286,-0.11985676369244147,-0.5723623493324204,-0.6352693082802147
545,-0.8176265925756163,-0.29759101727778975,-0.37155518365461787,-0.5723897575288611
546,-1.0499227242856022,-0.10590868098397296,-0.2030584662768487,-0.4746264762420427
547,-1.0821111565793862,-0.18930824772721866,-0.4454107218351058,-0.5908583448896624
548,-0.9447779940055844,-0.2505630481443036,-0.30006118077777033,-0.4759433867896328
549,-1.0418064539668472,-0.2316124134941055,-0.39718569267483805,-0.46976810136210895
550,-1.0475443492542298,-0.25505437660023045,-0.35377004508045007,-0.5316876617686406
551,-0.9296727380613474,-0.45886332682546427,-0.40992062088788256,-0.5916659217753317
552,-1.0572964096249093,-0.5533100718117773,-0.33524091027676955,-0.7244037023463978
553,-0.8600518564718866,-0.2641836128453281,0.15287321306986806,-0.3444242454313977
554,-0.9785890231318236,-0.4685717299728843,-0.13513687053674328,-0.6376862995379369
555,-1.0166562490975675,-0.4928136559677333,-0.7576265933458675,-0.6707357616379145
556,-1.1894590703082104,-0.4895876459077889,-0.26916581973075526,-0.6581039542021623
557,-1.0445515420950515,-0.387521875637829,-0.5744519190605377,-0.6598633940485031
558,-0.8827329609867863,-0.3802836495811459,-0.6002250255271199,-0.5294010516968729
559,-1.1474330912849613,-0.48814013392395134,-0.5612327674487247,-0.7074609080337673
560,-0.8934859211000251,-0.3760448757571765,-0.5825676557110029,-0.6148868400079592
561,-1.0939692898073912,-0.398739432814871,-0.6298899898263712,-0.6548189554319108
562,-0.9490491495399823,-0.5456989716532803,-0.3495967588100818,-0.5149435511997352
563,-0.7968707962661284,-0.5959182177443012,-0.9832278253419762,-0.6523867892923045
564,-0.9825505206307804,-0.6377654439346921,-0.7053086420989378,-0.7899210429885529
565,-0.9196165125073387,-0.5067850575626824,-0.3502408938969197,-0.4834433922132985
566,-0.8783926529018568,-0.5311248760669368,-0.15654823816132252,-0.48786644677905566
567,-0.7812409947683167,-0.6360065953310877,-0.46475192340542953,-0.5873966452651982
568,-0.9678725315691717,-0.674890377984387,-0.2659054030285049,-0.6740520144230926
569,-0.9463642069514229,-0.590300508908529,-0.6067121700259496,-0.6819196535406109
570,-0.9252780162554921,-0.7548426488374997,0.27131676029128565,-0.5090286462942956
571,-0.9667908172989911,-0.6798202526354469,-1.2176591018415812,-0.8425935001243041
572,-0.9073364976721737,-0.6007783960716346,-0.4164999793934969,-0.5803097201831832
573,-0.9039833379168091,-0.6845598114610953,-0.5484340097084266,-0.6884868342886878
574,-0.8952066598288095,-0.6484403844438229,-0.5669758715487937,-0.6946704537799262
575,-1.0431220803713468,-0.6186369452606642,-0.003927394778733495,-0.5881972949030116
576,-0.757521384467438,-0.6911350155232593,-0.1713820026597051,-0.5479640916040914
577,-0.9104000062269043,-0.7286904014523399,-0.7318449602250952,-0.7164121787426868
578,-0.868203223419253,-0.8754371043562855,-0.7109956085865106,-0.7701552966779008
579,-0.934821096837659,-0.5119708204789097,-0.04228546986645737,-0.5424649414116952
580,-0.5890171080301316,-0.8111905408469817,0.16933404949595288,-0.511833844337011
581,-1.0850935173783327,-0.7856694613386273,-0.4340968974826858,-0.7330165125745999
582,-0.8847282485013503,-0.7110438210039312,-1.1277746889208888,-0.8473073500305558
583,-0.8229089099123019,-0.8444872024201229,-0.2988230706999195,-0.6121235011107766
584,-0.7523169609450949,-0.7962699021247633,-0.25576342460883567,-0.5760577084133431
585,-0.7961052972191395,-0.7564796746310928,-0.6604590595466704,-0.6314794188287187
586,-0.8544972461052651,-0.6579716095158169,-0.2776501493885588,-0.6302857345761873
587,-0.6491693072419149,-0.8733517140433755,0.35183829376614234,-0.40505738454753415
588,-0.6471396213011646,-0.8738179483086876,-0.18573723125720143,-0.5113827395103706
589,-0.6930664556999295,-0.8443043382507257,0.15371313090081257,-0.49386880847310466
590,-0.7247695848168241,-0.7499061200045534,-0.5065420560993539,-0.5690182037690177
591,-0.5815986364807649,-0.9322951007243795,-0.31225637353468316,-0.5083783216606756
592,-0.5277455564327775,-0.7633062429709838,-0.3589387559018553,-0.48097280391145636
593,-0.49632588956282586,-0.7172017432454686,-0.10381143481853143,-0.4645287122816128
594,-0.6938106326923554,-0.7958394720251182,-0.024945418166093525,-0.5012573900480248
595,-0.7439324462834747,-0.9545269651857498,-0.6263471695209746,-0.6590168380985875
596,-0.5079857892193413,-1.0334779292351004,-0.10500705428544188,-0.4922361552790172
597,-0.6831770575010574,-0.7134720872424055,-0.45024321146082313,-0.5425697814800429
598,-0.44162526252666084,-0.9278854258229015,0.3822949644727332,-0.3761402713795037
599,-0.7751518766120484,-0.7636768938062153,0.1161462900139103,-0.4287022300040486
600,-0.6698476726152016,-0.9307799138323167,0.7557729034391489,-0.48093859282772355
601,-0.549520552640692,-0.8698902528073076,-0.251647363868942,-0.5725205716667431
602,-0.32291743141455254,-0.8164498703223014,-0.3194720720222678,-0.4818743557192578
603,-0.4283852581420218,-0.9195957084066211,0.05814325232663649,-0.3482002601084591
604,-0.41323567247225046,-0.883019759821166,-0.3106331060619015,-0.5296412818324838
605,-0.37866105352122237,-1.0149224092350269,0.45458190472428284,-0.4201185485780581
606,-0.5869492694517447,-0.7843738519021033,-0.30768851979235456,-0.5857455380367613
607,-0.3725705554378268,-0.936344923258758,0.1684290947195783,-0.3997249504293074
608,-0.4662789390425222,-0.8830795831922393,0.04000607384218482,-0.4850810598569837
609,-0.35314150870429034,-1.0612095584867483,0.2658874269626339,-0.5067540612213834
610,-0.2675059635363679,-1.0432972263538915,0.6321702079756539,-0.3645994975034527
611,-0.2772944832443278,-0.9580233442244799,-0.2224167634222348,-0.4106119207239863
612,-0.4944623242673624,-0.9449534231611657,0.5874589551049804,-0.35857669371362294
613,-0.259941578581337,-1.0565150476568756,-0.2587659844581373,-0.49012365317735057
614,-0.2199217135492212,-0.9643695295122595,-0.2211650035260516,-0.49319828860784426
615,-0.47995086799638664,-1.0827469625993402,-0.03588122177147879,-0.5132859634402852
616,-0.15847651960144543,-0.9745367767123138,0.5569090681909784,-0.26314356601855493
617,-0.3992202728778801,-0.8797474152097633,0.24809898203033984,-0.3820976339013341
618,-0.03291426687616958,-1.1061139002352378,0.4861638910495423,-0.31854029913865345
619,-0.38095387049068385,-1.031077102025066,0.9455721967574358,-0.2529463790634904
620,-0.08417788178795116,-0.9033220353821174,0.7938852082402174,-0.21088180761868103
621,-0.18942008238223165,-1.0478589433148178,-0.163359625429347,-0.3837068804261564
622,-0.15474799116010113,-0.8661962360080881,0.3604845362440313,-0.24164108681375154
623,-0.01910044706316963,-1.0486424809821746,0.4340410190353753,-0.20818664663551115
624,0.03968075601272951,-0.9616018039733719,0.6113774061989399,-0.14496326333748513
625,-0.09830171109403835,-0.9109369930876167,0.8420276698927086,-0.13825387945104578
626,-0.22493464576390276,-1.0134716137626403,0.5207820996182944,-0.35822868446872946
627,-0.12574956140873886,-0.8525789223998865,0.47232280591138387,-0.2045050564438508
628,-0.15533839282740092,-1.0764458596002737,0.763204487875115,-0.18616493327069633
629,0.15616533160719695,-0.8729400625974008,-0.002948124598723123,-0.25350573886685546
630,-0.017890226356709275,-1.0012499161696673,0.7265373812448153,-0.13651417404009944
631,-0.0741267962179484,-1.0482455400890602,0.3203524563823867,-0.2751173329930697
632,0.044031831773391844,-1.059785091768649,0.39108339398058634,-0.20042231507945213
633,0.18163439408001486,-1.023385335887776,0.43536527884348447,-0.05235321236251442
634,0.0651692169193922,-1.0625125486349942,0.42713887650880467,-0.10708638017281459
635,0.2199780161545469,-1.056887898994183,0.9865040244273111,-0.05342291319002007
636,0.2568300217367032,-0.9857127929497388,-0.20708743216994968,-0.20514944167668064
637,-0.06300061259297346,-0.9992342643190911,0.3762599430566834,-0.2726683773290368
638,0.10934058931005886,-0.9823877994768445,0.33881851556890497,-0.17467706912430755
639,0.346301073800243,-0.9994423273701177,0.5501463423831355,-0.05048843802265826
640,0.1837779094839407,-0.9845272347046038,0.6093111000910196,-0.04523330100347289
641,0.021152406261296636,-0.8821015399701582,0.8960365167912222,-0.063698282385105
642,0.3382012430081197,-0.7691691725996086,0.17380062054668466,-0.07769897488467811
643,0.3145420035657126,-0.7592092294262194,-0.028151863196860638,-0.20410582160267943
644,0.30957802705225324,-1.1193199274088175,0.6477094005470108,0.008628830393056092
645,0.42500219721519383,-1.1154183934980928,1.1565216273868615,0.10026704219728932
646,0.3170066385026291,-1.0260082280851028,0.23596066132388632,-0.1567620940736114
647,0.25732238931157514,-0.875581488968801,0.524537706823296,-0.09628818163834736
648,0.31914982956944743,-0.9398989554388094,0.7701752372136287,0.01399208601940904
649,0.4153299058473466,-0.80126656037476,1.1887897329737536,0.12997713985226433
650,0.4365198040259667,-0.7902591263034361,0.740168273968417,0.037562362057466304
651,0.3604145318443966,-0.9316686333090194,-0.13473621769168725,-0.16087507287546463
652,0.5854061232072446,-0.7569798781953642,0.2936172533421941,0.1286483614061041
653,0.5591628774113383,-0.7914929542358959,0.6511664479933315,0.15203801503552758
654,0.5091762578495143,-0.9517260848988601,0.8523677011277495,0.05676754572585097
655,0.4285470438205354,-0.991474747369302,0.6511065791495055,0.01583906982606116
656,0.4566626792998146,-0.7859579926950865,0.3620682774439862,0.052398812154394826
657,0.5203405602266468,-0.9137242064354076,0.8747131422697441,0.22465352211671177
658,0.5723925704542818,-0.9485376525355185,0.06669152764235453,0.021585689586767313
659,0.5657049525399698,-1.0300975653690887,1.0440836159565676,0.12373757678513923
660,0.6115200963662468,-0.8623596562512322,0.6184589206014447,0.11522103209488747
661,0.5912572364007662,-0.8537059701843871,0.25575106401226494,0.0092993098227756
662,0.7451670219442537,-1.0476584360032377,0.7135443670193305,0.09813269090361496
663,0.5243528892394911,-0.9013957140170382,0.5793589889530126,0.053678050262060795
664,0.46542105788455096,-0.6866601259333759,0.09411587441580174,0.006365238392201514
665,0.6507769471974816,-0.8507545527393392,0.18662837805796514,0.051404323894149506
666,0.6956182718518927,-0.9142746733829485,-0.018616500610405262,0.034204364383847344
667,0.7008266730061626,-0.8448703482260611,0.5783139434219695,0.1403295615512988
668,0.7587434689214635,-0.8680766756056327,0.5941689537378726,0.12819106064079086
669,0.5798338589646014,-0.8618324874579979,0.29191898684697093,0.026922631639784943
670,0.7208561926920409,-0.7005543047660271,-0.22357084031094046,0.04144326001012015
671,0.6708007413811201,-0.8018445511982516,-0.21608094736541342,-0.03517875954459631
672,0.8732928077277443,-0.9416441653871608,0.09451954326130049,0.027432402963444735
673,0.9273517604454455,-0.6774647926653665,0.3548152313997401,0.21979619870852887
674,0.8991424520803599,-0.6856791090666227,0.20333903978582663,0.16495408974636586
675,0.6429506725321728,-0.7450292583988133,0.07347416367911358,0.029273634281124204
676,0.6622605298884234,-0.766198904304887,-0.16456166301150243,-0.009678019827908557
677,0.8389977298277337,-0.7557174730786517,0.6310693706078455,0.2967612504645299
678,0.8482148043328088,-0.7041283853660323,0.141384280832459,0.21943384194294185
679,0.6427517413146085,-0.7313850844193498,0.538982288767977,0.20094535215256396
680,1.029049306797051,-0.745299886298008,-0.24613732666177107,0.15334618671165895
681,0.8203863491422677,-0.7260956191314836,-0.0638009722890002,0.15222359469498195
682,0.8782293160028433,-0.838359346274347,0.043849218676199946,0.04041817529427402
683,0.8670495004518313,-0.7410908064574842,-0.24740918070097018,0.002994462073628981
684,1.0574944642093795,-0.5953444493490836,0.14597275645269295,0.25849687259465665
685,0.8509827746866115,-0.5540634558827355,-0.14760705562732818,0.15553360860492782
686,0.7557912932530524,-0.9450489973542809,-0.2726736778327341,0.018913970165111524
687,0.8279585086195242,-0.5946302373988566,0.2959944960654143,0.2087326858237152
688,0.9246435071775747,-0.5329764339539408,-0.563230445305929,0.08545892558066437
689,0.9532176285537507,-0.5361580490934963,-0.4507288213210078,0.09888200579385648
690,0.9028782974949625,-0.7965481958507676,-0.15305976656543382,0.08281148546138548
691,0.9406369262525289,-0.6989816711640562,-0.5972214254949378,0.09376574727523222
692,1.1077303787793304,-0.5953748356826615,-0.22417567474123065,0.2588614423188563
693,1.0126064777451118,-0.5764743677904965,-0.5057552840333263,0.14013883575961625
694,0.9193276993163351,-0.5808125442116849,-0.07993987657257917,0.09371981373877931
695,0.8174168259643974,-0.5464030029233424,-0.3632832760843605,0.05102071625874023
696,0.9249373843662541,-0.5506955472650757,0.18650643830603958,0.23078648470217586
697,0.9818229232949334,-0.45667946103610213,-0.20665457760452352,0.269316924245752
698,0.9600524278725916,-0.4639886573445513,0.07586044687476279,0.28807133518862776
699,0.9952168815749467,-0.18311623234914687,-0.2865013672658454,0.22975323114216928
700,0.9160699503174551,-0.44060517647959085,-0.5246095603672638,0.12282614684044535
701,1.1852455379952422,-0.3943890783218358,-0.11300832397289906,0.33937575363000955
702,1.0586966360507024,-0.5455203252589654,-0.487710436942966,0.2470847746440197
703,0.9943161365575356,-0.24392015516294024,0.03514044458331406,0.29225956252199614
704,0.9647050883314149,-0.472521901023931,-0.4015529510950779,0.24620483047302355
705,1.1605423265946868,-0.6356515969977516,-0.4382658454303391,0.15559019607206154
706,0.9307449535435117,-0.2835448176877903,-0.20703268825674803,0.21424444501733833
707,0.8628853419891163,-0.4070707413948186,-0.15819654844929765,0.20207561728006718
708,1.134363620906692,-0.21032389202720778,-0.20327549998168928,0.36122078565646026
709,0.9975361459514213,-0.28547634933141,0.11131801049515672,0.2914668831067139
710,0.7087162219719081,-0.5898756669097467,-0.5153232721454031,-0.04459361104066789
711,0.900253791807289,-0.374537564164945,-0.5356612046696217,0.18423560514347093
712,1.11150575470789,-0.30676777966768093,-0.29593969614868526,0.3494886651960724
713,0.8544442194413787,-0.21190158112833607,-0.5315621210175399,0.19109185137907217
714,0.9293663884142656,-0.1249925546592523,-0.6552329256166093,0.19533720321110826
715,1.0809837401720617,-0.25497225508463356,-0.40231067407148446,0.30224558895344456
716,1.0130180426594444,-0.29598556781610563,-0.15490593406401143,0.19498694790118026
717,0.8675120154602692,-0.30459217948781453,-0.10332561773752685,0.3091968253292542
718,1.0871650969602127,-0.3226469596097829,-0.6902841672576985,0.2764485817062015
719,1.0196317918443478,-0.3298554096997801,-0.618420125737879,0.20013981565658479
720,0.9575096647539459,-0.24055214389704566,-0.014091021864322706,0.3188485793146725
721,0.9834746245005895,0.08017799080664736,-0.7516028876771765,0.24856636425542017
722,1.105738848936727,-0.20383819295806305,-0.22851723906398702,0.2445744619689585
723,0.9776272089742767,-0.4074161670405186,-0.25950645516193094,0.25425479940405277
724,1.002716690110196,-0.1818994756021009,-0.40143421302938864,0.335073873182072
725,0.9972062366443054,-0.20659469806824765,-0.49611403520210967,0.13916646364105206
726,0.9270153360240376,-0.11411971095917044,-0.7663002918300531,0.21232880060731443
727,0.8940446087874546,-0.2465670329254594,0.23787479578328408,0.30175148759032855
728,0.9901518608530591,-0.1248646442892011,-0.14296259918708343,0.35589193214975273
729,0.9838665464201952,-0.026413966631664836,-0.24568209771707722,0.3570573123225251
730,1.037284018283578,-0.06550705655594027,-0.5045321708568169,0.3241904786522447
731,0.7946190757664964,-0.2143188099473632,-0.3426048333354068,0.18262397113918016
732,0.8772220516024349,-0.1154593095004,-0.5835828880210022,0.20378424678730123
733,0.9662916226641391,-0.048238974996631434,-0.12604554346758373,0.4068977353691167
734,0.8297861342924858,-0.06328864301344175,-0.25800739788123783,0.26502136743061966
735,0.9047868140688429,0.18585705733696212,0.01428297736258577,0.401414564595192
736,0.9014159658588828,0.0026210578859011957,-0.5053241266168146,0.23993050217980835
737,0.7295872791738819,0.06424459589414575,-0.026834664333019398,0.31667420308457844
738,0.9812599066358962,-0.01692397907517472,-0.6372645996317619,0.35940990439139153
739,0.8910165809899827,0.13761100331255346,-0.45122729407945006,0.3085299220967268
740,0.8161665226280121,0.0823367238409092,-0.10757209657110711,0.3920859071413634
741,0.7660868454604842,0.18149608540634926,0.09669225369065809,0.43266117495817924
742,0.8266862340619383,-0.02164888574970783,-0.22907413378296532,0.2488948194640609
743,0.8860779114374194,0.1040875013355031,-0.053916948728414016,0.32661821182497636
744,0.922179995562215,0.17584397815972574,0.004190167168301007,0.4119578333317597
745,0.6411469815750019,0.1557575858994175,-0.012093679417638059,0.35264377043712886
746,0.7528331493366377,-0.04768594090674516,-0.48806243446603037,0.2106345005963287
747,0.6293120578614704,0.35624830006719144,-0.29214030261971935,0.2995554617387829
748,0.6234395358378982,0.2582647497225848,-0.03750797517857282,0.25843699943929627
749,0.7921300122691965,0.20245583208307272,-0.13504286353313258,0.3871757050445291
750,0.5230989090281216,0.2432186902958255,-0.050909887292036465,0.313724666798746
751,0.7346663418753252,0.20724827752540617,-0.19820239388953093,0.3435650404964467
752,0.5776712605281835,0.31833635714225766,0.22993910158600325,0.4172281214750266
753,0.5772592839881461,0.24445792617161605,-0.5780985818359081,0.1944638402539815
754,0.6669903888201334,0.3727942614065929,-0.5078907970314919,0.3292172641185873
755,0.697538401237886,0.35605382840170996,-0.33723536869352333,0.3758355439870195
756,0.6356188672567256,0.4788461966750234,-0.0026271895755991537,0.3017125763315538
757,0.46143042667457224,0.2859690261745862,-0.2422489160803873,0.24415673548002598
758,0.4706494736289174,0.5259193029576499,0.6016620011976248,0.3926258042824641
759,0.5296424586819035,0.47159902444490986,0.29451747593164124,0.3103207226116141
760,0.465842749566189,0.5643249694357597,0.12404064030181458,0.47260342124488164
761,0.403560083315985,0.34250250581938246,0.144586203148263,0.2744774346284158
762,0.489240790327638,0.39496865285186444,-0.9482164588947956,0.0908030696531755
763,0.38986060253355836,0.6067498180743935,0.3279747929810847,0.4427644710512675
764,0.3370458239138283,0.5109541145291178,0.18408453314943357,0.3411635808696599
765,0.431073923148066,0.43360722777074073,0.06746995595935903,0.2962511850702174
766,0.32499667787490943,0.295860153047783,0.3760316996004402,0.34105177920265944
767,0.27074493418164675,0.6425490731086729,0.15563525773512946,0.3444072398282362
768,0.3378874048596394,0.5343092609119868,0.08119940276777196,0.23636466248100896
769,0.30912237310264645,0.5361235164483086,-0.2810343802083105,0.23744877772166967
770,0.37237715153582257,0.5900577842361209,0.6256613681290741,0.5520442670762954
771,0.4440206403036858,0.663680667659462,0.42831159308443967,0.5049914168348568
772,0.30587356614567174,0.7131697159577286,0.17637254252626333,0.30145442990887916
773,0.21377933604855623,0.7409524123061833,0.29377085431145145,0.36169695711971517
774,0.17565431983084462,0.4746038441980077,0.021231437968398714,0.24456150995458248
775,0.27236002095743544,0.6361069993211946,0.5542499679023875,0.4311451540844395
776,0.07214743177145298,0.690766146350682,0.8530388678038695,0.37042503090042334
777,0.18968696938629748,0.7023590565744422,0.2266660355944191,0.4361940117484463
778,0.2669171485410782,0.580999743261014,0.4621061637703828,0.40573835806014535
779,0.18630065399143206,0.6677292500180481,0.8600299934076716,0.4249065700290922
780,0.19895260829656025,0.6271398389119931,0.36141946613494647,0.3077545282173286
781,-0.05322671824068714,0.5470364293563335,0.707924110611263,0.3073962109583959
782,0.0490710490959233,0.7966333455569996,0.21231906769235176,0.3133642844967386
783,-0.1419811512123117,0.6487405416328018,0.3108015777582371,0.13955650404467076
784,0.023096154029152476,0.6610388185469861,0.44502581731695556,0.3327269340972599
785,-0.12942705369752408,0.6137755870878085,0.2387819253347735,0.21702091803865653
786,0.010879961693620299,0.7959068848581325,0.08997994677815385,0.2535368354188454
787,-0.07084075799086625,0.7147979502833379,0.9495489681197874,0.3513235278557511
788,0.09458607364668598,0.7625133648306253,0.3219530501504115,0.3292365300942258
789,-0.10046132679875695,0.8211319649036906,0.4700510152239282,0.3221729306267561
790,-0.19030122214857575,0.7107025940838306,0.4633499510836791,0.2809705733830591
791,-0.019343086684147984,0.6718615357517599,-0.10486408456245533,0.2269700263191704
792,-0.19680316847594004,0.6419816298718876,0.7934662563629317,0.2688204414663711
793,-0.3011580834952285,0.920901229842511,0.026076399304232112,0.15134714404030444
794,-0.07486282500644402,0.7583156369165079,0.3519730791391392,0.34589040169546525
795,-0.1531925109606262,0.7163802181471206,0.2512855168859104,0.2179314504325987
796,-0.2952487193576544,0.8349673842588546,0.8254682898831006,0.3106780662662259
797,-0.17378635555756297,0.713369307417357,0.6840214956030417,0.22072338811095282
798,-0.20136866088219918,0.743261376009056,0.7603136237672654,0.41331426971072793
799,-0.3420854258213923,0.8586743781766941,0.9744280838481395,0.3383739390015486
800,-0.0611127783756317,1.0279209096079165,0.11654252142198274,0.32585440162555884
801,-0.4671967541999634,0.7495629599557095,0.12528008787618816,0.007867331525871976
802,-0.19181293753490675,0.8300629765290367,0.2491909628625378,0.24442455200661636
803,-0.42227705871553123,0.8935877253742337,0.719151920551078,0.2692387688316543
804,-0.347347995071574,1.0454423439890754,0.4084623820945871,0.27567068093350594
805,-0.5729863416554706,1.0430482468491347,0.5224199834670611,0.17280071385926762
806,-0.46924736815321233,0.8552811076027739,0.7787257907415,0.14973958519128383
807,-0.3758058505536207,0.9105856994528242,0.42917971707692293,0.2165899688408903
808,-0.34300052985468527,0.8219178963574352,0.9167542157693361,0.2391709578901223
809,-0.3587562919415401,0.8775216755341656,1.0457253830464102,0.2758735811064971
810,-0.5152090403941221,0.9646675120313729,1.0699016777141641,0.28455254900788346
811,-0.4803581376297709,0.974139922719252,0.5365308739779528,0.22780771835376482
812,-0.44724507261540536,1.0632390636390991,0.2716806785139032,0.2332152963854604
813,-0.4820515016507041,1.0414072793522182,0.2225164114264397,0.2169413117674644
814,-0.6941586678324929,0.9843720910095114,0.29172471400448596,0.12262505970462953
815,-0.43999689336308384,0.9699935650652729,0.25432499356142313,0.1779234719470953
816,-0.46031649231642163,0.8225337086082279,0.06842087144771858,0.12318419569486957
817,-0.560710844992169,1.008950902134992,0.5800024431054545,0.27518548254695613
818,-0.4566605026642785,0.8537867290998297,0.09258167885452456,0.03679649791158526
819,-0.5518192598991243,0.9047502567363477,0.6019851159836949,0.1308923553620371
820,-0.6771572499112225,0.8204888551674911,0.38421202398547405,0.024392933963015527
821,-0.44724607105468184,1.0023953871828375,0.12841633066054295,0.09906481037000447
822,-0.6731612575618254,0.8908793714018718,0.7132151458691809,0.05376833611309807
823,-0.7170145501908671,0.9578343065503002,0.3481484093305852,0.09311850909957366
824,-0.7920744078470725,0.9209183266990149,0.724838728861886,0.009650320470247747
825,-0.7284977662502896,0.6919904334384919,0.6002366911170101,0.16290299602634958
826,-0.7670698329120555,0.9216621370734546,0.002818602133739273,0.011198909312277745
827,-0.82443166292858,0.9167297930919566,-0.06907030193434963,-0.0384001690857395
828,-0.701570369122409,0.8304469263954274,0.44256823704422465,0.05555840405827884
829,-0.817969833819167,0.8616687555808595,0.28085727410671596,-0.08140518862084183
830,-0.8019872902601217,1.242061683204423,-0.22007730663025402,-0.04624528447328397
831,-0.7536268346238018,1.1221288845468873,-0.1786231243480587,-0.09919393184985663
832,-1.03012184128676,0.8893370766609214,0.291071815287019,-0.08066073886545347
833,-0.7366287090077567,0.9405471739373489,0.5977835969582526,0.05835435481004807
834,-0.915288357919724,0.9743851121373509,0.22162827945674074,-0.1374531307549711
835,-0.8197173468118886,0.9940488952513663,0.1599027330584601,0.008784703934592861
836,-0.8838952293522149,0.9529458007376692,-0.12997174610028392,-0.04390500592648242
837,-0.9940563560540678,1.114807643268538,0.07065326870346463,-0.053534874954047865
838,-0.7859021298319361,0.9201198244419769,-0.14871759020620828,-0.04812209277648083
839,-0.9034863070967352,0.95954734853095,-0.1351148958838724,-0.13118348527838442
840,-0.8238162461556432,0.9058982387123894,0.24495453056443514,-0.0280986001235765
841,-0.8516475590987488,1.0007402041492897,-0.04615535007157509,-0.047188578391807574
842,-0.8864974432393191,1.1238908049733696,0.07664199602339114,-0.06526481284159344
843,-0.8227188659972257,1.0937874710345699,-0.020262536892300925,0.09667091689411234
844,-0.8869768195504516,0.8815069420503854,-0.47583723977925974,-0.31033488426981737
845,-0.9070153717762318,1.1271255795600212,-0.03275923504855492,-0.036166231400179626
846,-1.0688359614337777,0.8831480802824043,0.04403213683491056,-0.17010143192975447
847,-1.0139928737302764,0.9518437888812431,-0.22579407811498747,-0.17822809037286333
848,-0.6914427298407402,1.050807395817704,-0.05908367411713897,0.07292885181671163
849,-1.012514931688325,1.0348875036200336,-0.35123967542540435,-0.16774210091483144
850,-1.0188292646988908,0.9932028221226352,-0.4036515727914758,-0.11975234454279286
851,-0.9615160616536984,1.0081375440121723,-0.6303895833980137,-0.2662288478185865
852,-0.9653661234221071,1.1503637745724042,-1.0864249827453474,-0.2658239308460046
853,-0.9625281411572453,1.0025484273256622,0.09680484344098561,-0.12961660306416722
854,-0.8456373886521881,0.9805300720779765,-0.5088458644162582,-0.1954451999010567
855,-1.0478016970421244,0.9049115041785305,-0.4752843993952969,-0.24850825676423305
856,-0.9171591425397209,1.065663692195766,-0.8629355806571122,-0.24733408222509867
857,-0.8816678900202743,1.139134350852198,-0.4106818651070206,-0.06911971039726564
858,-1.1018843625783992,1.0395607778012426,-0.5932719578358882,-0.2064984764417146
859,-0.9353279429039905,1.0280173451034211,-0.7116593870784693,-0.19457629531854811
860,-1.0232466943627812,0.8743006377299756,-0.6007844872727154,-0.24717060110502048
861,-1.0396686202297987,1.033942520414379,-0.8366920141377318,-0.2517252708156129
862,-0.9405825857157752,1.0742371449468466,-0.325394659492129,-0.18011182938204617
863,-1.1127008228378008,0.9806738659193924,-0.5213393211507933,-0.21407339418066973
864,-0.9557934268608553,0.8375043209748423,-0.2756406060002095,-0.1520390985876176
865,-1.0647543107892004,0.9499939980832539,-0.26922294853986717,-0.25083983506123286
866,-0.8966446934916158,1.0204598782445453,-0.29122098989502215,-0.2005455915109825
867,-0.9729529936778902,0.8241491639860345,-0.24607922576742022,-0.17412974888476035
868,-1.0758604351858074,0.538705771544871,0.2516638810235102,-0.2723086767018504
869,-1.0707033955547953,0.9918767249116459,-0.5226369038237308,-0.21203457573920204
870,-1.063297497267537,0.8824648147709984,-0.09840111021753623,-0.18499027001904195
871,-0.951864180471543,0.7953163340708995,-0.7220633137431567,-0.3580466389065303
872,-0.7954899641993753,0.8405435499246078,-0.3357358790845687,-0.09928917968529749
873,-0.9262437992552194,0.8839477135798144,-0.5399110339513165,-0.1823127325513254
874,-0.9152911168212654,0.7702180412112235,-0.7541928070137224,-0.23221588051904993
875,-1.0121459528992374,0.7046770183735334,-0.4516345199686071,-0.2983449283144182
876,-0.9962610146008979,0.7461184050729092,-0.3185391163146171,-0.25403939250084673
877,-0.9748962641330436,0.7890274191270408,-0.9138613006511896,-0.3631342002077866
878,-0.9231933358056722,0.8712293509055772,-0.7284851303311859,-0.32851223839677474
879,-0.9332191886118854,0.8063522033658884,-0.6759257311632161,-0.2360413121335385
880,-1.143176786744585,0.7920072847720238,-0.07217057860029885,-0.22058070660758242
881,-1.1436193733708533,0.729581720675908,-0.840352410169092,-0.4013422143870707
882,-0.9102277984605945,0.7316916504236423,-0.5601684455183473,-0.22402315237779338
883,-0.9371856530960727,0.772688049933711,-0.01830014916502004,-0.20159325936972355
884,-0.9332938619135658,0.6479861068863227,-0.3469811089150836,-0.24586581005711508
885,-0.8122881275162105,0.9460386341275715,-1.0247705929835724,-0.1966775897635273
886,-0.8226366823409282,0.7299240147897008,-0.25168901159652557,-0.1984622155656535
887,-1.0050551077498948,0.7251357387403083,-0.2672921068077426,-0.24052599425725318
888,-0.8932769413430459,0.7640616735253524,-1.0240637698666881,-0.3733063994418246
889,-0.9395280446329132,0.6795198909133452,-0.6028702599584779,-0.289471203606481
890,-1.022104830199772,0.6475208313190469,-0.5196762391480897,-0.22082537412477912
891,-0.95580147976308,0.5579425996816956,-0.8293296016263747,-0.35074307264060467
892,-0.8090189395877484,0.5286618903582978,0.32302641140001703,-0.06951262046542797
893,-0.7629355975255596,0.7698862520953287,-0.7770820763965561,-0.24671168074307379
894,-0.775588027387174,0.746558393708686,-0.4912978034832468,-0.2252378160939663
895,-0.6604794784308197,0.700012242449712,-0.3011944223623424,-0.06809352372985981
896,-0.7467887236997842,0.7335953802661268,-0.36735060193776886,-0.018038199386618103
897,-0.878375844474795,0.7309112735721327,-0.7271431684101866,-0.30470661580734043
898,-0.7164154909623605,0.5389874804409762,-0.1693489663830899,-0.07714933303249585
899,-0.7476925617667408,0.5831650488335809,0.6070345040626803,-0.06229701303967217
900,-0.8544904682416361,0.6307072068362264,-0.028347533439752992,0.05644489243805639
901,-0.6898668679390767,0.5128194615560412,-0.3381521070800377,-0.09464205802899905
902,-0.8056560339967791,0.5050077469439774,0.24362131779142648,-0.12507587271443465
903,-0.7379120856463897,0.617782045614821,-0.6714333335579792,-0.2499434708637946
904,-0.7810076093116073,0.5725003641293612,-0.6512249226629125,-0.2378223656006894
905,-0.7885153420213323,0.4549485177110376,-0.06453397673272282,-0.13882070203321958
906,-0.6328807742245531,0.3662257309968996,0.021321678867191635,-0.11856865634459851
907,-0.7226732401314667,0.47706074100533485,-0.25989695880937747,-0.16781274540609925
908,-0.6525782615277379,0.5638709445319718,-0.30268030524217593,-0.1478216836670155
909,-0.5996087135363797,0.41992353612037825,-0.2759810151482619,-0.16448073921041456
910,-0.47371070190098385,0.7135674392569843,-0.30713105264051344,-0.001563338196785953
911,-0.6752069028899601,0.48841034797957206,-0.5801400822770767,-0.11227632821121977
912,-0.5263337125307567,0.6333140266370254,-0.3730042464782891,-0.0818417495537462
913,-0.5801405811374166,0.5166508324734451,0.16188876786828293,-0.03188033103651822
914,-0.5250272831943866,0.3973399355856517,0.2407300051726243,-0.10526988223656708
915,-0.5921618588325569,0.3336896272931513,-0.2467698058005438,-0.11376677315866385
916,-0.6320536620467984,0.375936406159344,0.11677530128002833,-0.1267641983980272
917,-0.5398730985210107,0.6067626587473527,-0.018851209832731274,-0.008889278191662155
918,-0.611123333375492,0.45669540961525334,-0.14804394783060293,-0.1964077167389028
919,-0.6563439523274042,0.2931201195579797,0.1582743362278364,-0.13350521433286894
920,-0.35007437964689725,0.2693738595444732,0.06503142500174401,-0.07078101553321359
921,-0.4927171671769698,0.28450361092332926,0.6499996241982784,-0.017106795844499582
922,-0.30668262348070235,0.061518694819253955,-0.21285881507485033,-0.1724207768540167
923,-0.6179366719868239,0.4541820019015963,0.27066758090651966,-0.025589252459220016
924,-0.5061731843825308,0.43115156447868774,0.3354183318274738,0.04893312387605207
925,-0.24594592417229735,0.3362185063571694,0.25181377916167946,0.015523749291111485
926,-0.2881287884022668,0.22769924537833164,0.2509997591560542,-0.08873139539915176
927,-0.3833504094870943,0.3722923020579678,-0.19312594600556865,-0.12228142517743248
928,-0.42746578345376157,0.2942280957574921,0.2637923808367425,-0.08363892607868098
929,-0.22385000251636705,0.050296587096591766,0.7253142023388441,0.05690956318830723
930,-0.3436573881614754,0.30697622948892933,-0.13096393105899828,-0.04834279120547924
931,-0.15243826674983818,0.19250787728181415,0.07859195695907123,-0.0626410940653957
932,-0.29572482616004875,-0.009495750944777837,-0.08362293071731886,-0.20460263169720133
933,-0.3801503693970961,0.07091320328925897,0.3784264480091717,-0.04855183470173959
934,-0.2284518442251,0.40141718102297147,0.39916644118876277,0.13643206364939942
935,-0.16382946651314675,0.18369802031560833,0.24867541118068764,0.03333419502506129
936,-0.102599718895605,-0.0944725757219135,0.47767946553725216,0.06911067612441285
937,0.013044891220096777,0.11978733615396853,0.11971280541150087,0.03669589435976428
938,-0.27380156514568693,-0.011830942255685331,0.5242693116496112,0.029744562160841627
939,-0.1288956448915703,0.05899654477403993,0.27409643242758913,-0.08406268886767687
940,0.08091132917489965,0.05596167363350385,-0.3551283549075832,-0.030305257445956954
941,-0.1847692719464096,-0.016595512988864154,0.5287796515847287,0.03938111894117026
942,-0.010934735914893577,0.06984386210016777,0.3032804778984539,0.06259060666931167
943,-0.011802917381941605,-0.06053769445513764,0.6819811766347209,0.169669882645778
944,0.01208997028447134,-0.07252990200700557,0.691521950547992,0.14895239597723134
945,0.006102741062672959,0.0892353118186543,0.700581324293194,0.1484136040160924
946,0.066102200059468,-0.12486759011475773,0.4233627838282765,0.10105241957174133
947,0.12176069029590639,-0.07287161103369125,0.5251515867634111,0.23197029094632093
948,0.2686940197114855,-0.14459898896745144,0.10076654701165749,0.14030150123918123
949,0.21566997713582636,-0.18798301922603783,-0.05796186830446193,-0.003059432407089259
950,0.18192537973442502,-0.222431208373915,0.7601191725324473,0.16683871923085758
951,0.15633788249762276,-0.21261510853426913,0.5622147598102186,0.12607003020330748
952,0.13390266376823495,-0.19527244883068828,0.8197096832004901,0.12194748285789762
953,0.18230313420538768,-0.350650597227233,-0.1974583838739965,-0.021669759834463426
954,0.10557030661007479,-0.01162776492407605,0.5321062105528821,0.10193233972914043
955,0.1483774861354913,-0.16950183442508243,0.5609043918561029,0.11386868285754753
956,0.19122119296896795,-0.162371705020413,0.3271057309812727,0.19357988112626429
957,0.32830983140401204,-0.2927526099920805,0.6930656402180926,0.15042908153563833
958,0.1715457876308973,-0.1750553872364903,0.24548784132854123,0.07483944431055763
959,0.3818949328065527,-0.23059547466511066,0.3912298801222753,0.1897475574943475
960,0.5017693529374565,-0.3027643992091644,0.6971995816831331,0.16909709802177414
961,0.39139565750024213,-0.4118234510746497,0.25517557801578095,0.00948834685938621
962,0.3894387750888965,-0.2521123350927077,0.8668421750721605,0.21829419840032205
963,0.4687631609501166,-0.35952588159957,0.4989133351669183,0.2473990845339194
964,0.3046060975429827,-0.3492566976603414,0.5372441305771695,0.1590454304571689
965,0.2598569783589114,-0.3135427777266615,0.5130789639347039,0.15594695288562374
966,0.5740353096503092,-0.4866888451786664,0.5748859234502065,0.20845984850398716
967,0.719042226558233,-0.2980167944297554,0.41263465423947066,0.30475150988574695
968,0.6124515728641692,-0.42169787400136866,0.6588041592882314,0.27407552646776384
969,0.39829948515481445,-0.2744732842173768,0.3507162105289746,0.1186283374190765
970,0.4987973831417227,-0.4172624923714372,0.8580513280805782,0.1560627094557654
971,0.36685607766098016,-0.545751322749525,0.8652151184782968,0.031068911426729406
972,0.5986740688429147,-0.46764654955234813,0.442791519309047,0.17694222192749176
973,0.6691194996632943,-0.7249804968300536,0.5161152233752593,0.10038651285058123
974,0.45463971834776207,-0.4831892844257462,-0.09962089619503206,-0.006584451764347146
975,0.5453492018960986,-0.4900442554086208,0.9612666850340877,0.23978587055053643
976,0.511260192352691,-0.7486905308791174,0.4935045483493513,0.034224606895437715
977,0.49527236490046656,-0.69844364318443,0.47075317944126305,0.06896614198274718
978,0.6881730747538997,-0.49928619887344905,-0.19114114776200347,0.08762358873573624
979,0.5462525529643958,-0.6024732787116074,-0.1895810894203958,0.017201338672987086
980,0.6608781702242562,-0.6541631078555208,-0.5344710159234559,-0.033066981280562055
981,0.662133253182546,-0.5817562372388035,-0.09296884670640804,0.058675211265754645
982,0.6635866398047932,-0.6368033656872585,0.2805500956733307,0.1166362604948905
983,0.8487824000134386,-0.3584867732343314,0.25911872228333643,0.26737600044112325
984,0.8457037329071786,-0.6558990276453107,-0.3601081442711602,0.14682196523188673
985,0.9064527938971816,-0.5499083131107686,0.356770683303416,0.30764741854822203
986,0.9498246769583385,-0.614519529903187,0.2770781369879214,0.34516717034126554
987,0.9371601682332745,-0.5574272808467209,0.8856332518720518,0.3769251887740893
988,0.7898574687970874,-0.4506401506819293,0.35217721737266133,0.27602979461412797
989,0.6503801811945262,-0.6393282292801586,0.2376342954712427,0.08700263665960363
990,0.7640893308317207,-0.7118705456941476,0.04625160261386546,0.09517830066177893
991,0.8053595770888544,-0.8681965138649465,-0.41000039947166633,0.020870103992788554
992,0.6995169686093616,-0.6239419130950591,0.5341721163668502,0.17630944558541142
993,0.7357729322585249,-0.8062916122457476,-0.4176390126809839,-0.044924956427220754
994,0.7907916976306373,-0.5550020058087186,0.4470686121218374,0.21892436061151244
995,0.9419699309416542,-0.6466838663020803,0.38559956463374284,0.2849549441584372
996,0.9534647442834273,-0.7459489166660411,0.17245763074079826,0.3112310157620113
997,0.8723138463248197,-0.9404919940819372,0.002352785612660512,0.0283603886310688
998,0.9061927984089395,-0.716681173283674,-0.09701685647083089,0.1212260511884107
999,0.9215650063738863,-0.8644200910077039,0.06821621530146874,0.05074628403520011
1000,0.9223939854698495,-0.7486693538561723,-0.21529198220831325,0.11760887439767405
1001,0.9096087569988014,-0.6256878377661518,-0.25277855156856094,0.1134788909118698
1002,1.0338619001715792,-0.8229054248213697,-0.4990938994766978,0.07508240655534265
1003,1.213079399634091,-0.7433612222117453,-0.3522567098450661,0.14367014640854067
1004,0.7697725691569648,-0.9531309268329174,-0.13164303649218645,0.005311044686507107
1005,0.9435696813300187,-0.5736544176520946,-0.41609813830412495,0.05400492629842482
1006,0.8953172616697038,-0.8655988211457764,1.4160535196400259e-05,0.009089244467075597
1007,1.0025370345956142,-0.8198927990534333,0.390134492728717,0.15799304929917923
1008,0.9808709420418935,-0.7671602871021787,-0.45850205551097034,0.03848006064097313
1009,0.9357676985000182,-0.7377347801942697,-0.6726388192018562,0.08395993451235374
1010,1.0859921816020681,-0.9272936458949925,0.07160603565117846,0.17435087999726068
1011,0.9032376206284844,-0.8027791663582597,-0.5908762200466322,0.03802649888877932
1012,0.9738404663506397,-0.8083687875229624,-0.06607415055925536,0.23162076351679217
1013,0.9563246802094441,-0.7990891376995634,-0.6147998221040207,0.011059811251404943
1014,0.8853035405691495,-0.9896452969800718,-0.6638219498425936,-0.12727414553452437
1015,0.9185609226675089,-0.9720384705764575,-0.6523808620955357,-0.05394695110187005
1016,1.00398539918417,-0.7972079369756241,-0.4077965415947131,0.16100138285954999
1017,1.0301571437726618,-0.7455938934692747,-0.13021910441285697,0.08996926705860502
1018,1.1289952878463807,-1.0198889373171982,-0.4965518668864296,0.017876381885602238
1019,0.9189945541087093,-1.0028220158842953,0.0025882229461894335,0.02472824252892894
1020,1.0468359074590923,-0.908119286211621,-0.12860826038694295,0.19329740177081833
1021,0.872605534535292,-0.872396128804475,-0.42683895626290064,-0.0640225883338523
1022,1.143186162617534,-0.8532775223412757,-0.4045006919236886,0.1431945702559142
1023,1.100314413512274,-0.8182642347977246,-0.5242772955684735,0.08184954576605946
1024,0.8539268505053659,-1.0092625151427392,-0.2861054302993442,-0.03933962204417339
1025,1.2071594170283244,-1.0813179685787258,-0.29799125939083504,0.19762488556478705
1026,0.9606228527404899,-0.7541918347536986,-0.8304578184419664,-0.10821270598099111
1027,0.9523834155019432,-0.8055086375023147,-0.8917278206734958,-0.06600910363514725
1028,0.9716038047825617,-1.0616721071223767,-0.6779926424478367,-0.0997872225576167
1029,1.1208617685489826,-1.181248486552866,-0.9293800188353634,-0.11457430524277025
1030,0.8942765659645724,-0.9441574279434,-0.8643462001584532,-0.1286523217373777
1031,1.219495717274664,-0.8482919937744333,-0.49456099417413923,0.10229560229741741
1032,1.0959632468928513,-1.0491666815945562,-0.25666362902500905,0.07048166793118638
1033,0.8730424575014959,-1.0642623047134592,-1.1910535837791765,-0.1722471586440063
1034,0.9052652921546523,-1.0292805103222167,-0.5736888159315588,0.01615876140786264
1035,1.0305028520365995,-0.9186811738102447,-0.9528767772659896,-0.011092622925648443
1036,0.8811495327566927,-0.9521176398902607,-0.493084791347954,-0.10414455383958375
1037,0.9927134897408493,-1.0687803266714158,-0.17534543633817928,0.07970328206260999
1038,0.8313013682087884,-1.1607570572878687,-0.6859181507758257,-0.0706348944117105
1039,1.075354688910553,-0.9909373609826876,-0.5077393769682002,0.07869585357554919
1040,1.0186612319020973,-0.9975712267066446,-0.5940423486945074,-0.11156517430563732
1041,0.9027204039198072,-0.9735143228446841,-0.7122619739608892,-0.12083212919287853
1042,0.6571637924528977,-1.090082589053754,0.038534456234689596,-0.016275624639468814
1043,0.9596421796483086,-0.8300779383424474,-0.4517948201752431,0.08221516447824259
1044,0.8116120060486607,-1.0487624576752306,-0.48495825999997827,-0.10631977931037864
1045,1.0012330529763267,-0.975748860484055,-0.6857182564173123,-0.07460524088002873
1046,0.986561687045953,-0.8892370198306145,-0.33654414902567215,0.01276706926781726
1047,0.7955114590388886,-0.908046425744581,0.2604342573224635,0.17779376244693612
1048,0.8703477929971057,-0.8594852505398749,-0.31956611908706306,-0.00036084764336876546
1049,0.7679386501470066,-0.9716762171614379,-0.46238033049299215,-0.09726287983279051
1050,0.9368561316416325,-1.0961800102356785,-0.7375555891867847,-0.12446588964451237
1051,0.7767518237559184,-0.9270473190729491,-0.3981729207033569,-0.0721063903111898
1052,0.9564890894003268,-0.9777994581890904,-0.3997079375881777,0.00555786592901019
1053,0.7776193729819477,-0.9239367347285022,-0.0952442971506155,-0.10123864112985197
1054,0.9025177995736785,-0.8306189076944511,-0.558903908214909,0.033444646703366464
1055,0.8361683812495427,-1.0838913256617662,-0.6159555844488829,-0.1467087129038827
1056,0.6970869037122166,-1.0396126826681416,-0.9459157253653339,-0.22446254679484104
1057,0.7820502257222428,-0.9899347861710805,-1.1413220974276637,-0.30091510555563356
1058,0.7146480020214365,-1.0713371846163353,-0.9053400245599713,-0.1998247768367985
1059,0.7601989378399521,-1.0587599329305801,-0.3366010863924027,-0.07568842416590331
1060,0.7083965212893545,-1.0431872015706014,-0.3960532178111711,-0.10172426125638391
1061,0.5559665751268,-0.8421602026140154,-0.034071991887986375,-0.08685651929436423
1062,0.8718112399971255,-1.0389867819750134,-0.32926721391815805,0.02465828980206431
1063,0.6905126666821424,-0.9042561308112004,-0.43181085358119314,-0.046177432661947
1064,0.6419105935885503,-0.8157503875927486,0.29762245251790287,0.017813846874822577
1065,0.688864912444128,-0.9107901923409998,-0.014055115648903965,-0.015959295105103164
1066,0.6106383107406579,-1.2192339491793864,-0.03157739916745805,-0.17363519896919824
1067,0.5319091188807658,-1.1557377050676931,0.03395881799774375,-0.10214833155967791
1068,0.572956929021811,-0.8322519072374914,0.20809694862523878,-0.019162650345340003
1069,0.30289316688834905,-0.9442405165065567,0.19374698439135446,-0.0661228917358622
1070,0.5952557189173195,-0.9317718778219273,-0.10556024328374358,-0.04005282279689947
1071,0.4987529299583079,-0.8948279394620047,0.15952582196307358,0.007048713942740668
1072,0.604605683347933,-0.8454660070562148,-0.13151103408464765,-0.10787039584437587
1073,0.5331039627281712,-0.8883228708340152,0.24058513674798476,0.06466044829755785
1074,0.5422072689595402,-0.7385170095308462,0.71059133238745,0.19271742628860206
1075,0.3850939936464185,-0.9010075848105519,0.2654837511518616,-0.07590988911484065
1076,0.4154375141835493,-1.029544376573793,0.2908879487100806,-0.2244454414024961
1077,0.593892078200947,-0.9731910715193582,-0.08020342304194937,-0.10205716280553014
1078,0.364603544644697,-0.9051447791924447,-0.06748618052808085,-0.2547214042504717
1079,0.4669176736313012,-1.0402958585548017,-0.020859066991544384,-0.1764934608606254
1080,0.3645918942856324,-0.9003248622693583,-0.054682231005165616,-0.18678649502983533
1081,0.41087482951140203,-0.8830953408132662,0.6231904108880761,0.045925278817169166
1082,0.35473520612601395,-0.8104811866285495,0.28000154372423103,0.013557235316006666
1083,0.2795775545667934,-0.9170644886464343,0.06467784810208041,-0.20638227124576444
1084,0.26983632814068287,-0.9107451116761394,0.3771662683133321,-0.04325129027628151
1085,0.4749985738112143,-0.8696325362584578,0.9546275990814411,0.1002872260572148
1086,0.37751190697706316,-0.8016230631893421,-0.11938002070398213,-0.018411134063259005
1087,0.2596476237850301,-0.8345266434387814,0.28270929527483185,-0.12843699016545965
1088,0.2972872879822406,-0.9020370272964796,1.5120835249181745,0.16344069276874715
1089,0.2569197787370432,-0.7897771254604328,-0.08166798164860001,-0.15826557387246284
1090,-0.018295599395605128,-0.9655428899383462,-0.12126967459152915,-0.29668427714007867
1091,0.13700470424456337,-0.827479543515194,0.5616462817098157,-0.11787776172384735
1092,0.1984584158291405,-0.9365807938809576,0.10680813925406671,-0.08729902037511074
1093,0.16950790927773587,-1.0435940301514217,0.4311629078346035,-0.28427337172047873
1094,0.16729325138396198,-0.5874129772946503,0.373429983997988,-0.01016332234859696
1095,-0.012540477990411789,-0.7773314084799962,-0.08927265182145577,-0.19076799084653606
1096,0.05786802873304158,-0.746059095006082,0.7656766531145327,-0.08122543916349312
1097,0.009605166628758079,-0.7011037514189283,0.24852391841550636,-0.10433522017710431
1098,-0.03924078388347289,-0.7248941542729295,0.4655551799572135,-0.14891595246512032
1099,0.14390836744929103,-0.633156724443614,0.18000944830238147,-0.1864278926875301
1100,-0.07332742936645173,-0.5093905937369667,0.22023413195910044,-0.1960534776876905
1101,-0.09150799887281937,-0.7184374549818461,-0.0367911718881449,-0.23278747017836202
1102,0.059842464626673586,-0.7566325531430776,0.14918398038250136,-0.1961061232907012
1103,-0.08472474805820322,-0.5069379360482323,0.6117726983624167,-0.09359293184073346
1104,0.03939705234021337,-0.5797900125328508,0.3239728613139732,-0.10827337552110075
1105,-0.04649549629296961,-0.7219998935705271,0.7295262052493058,-0.06377598182919063
1106,-0.07126499679405104,-0.7329872176323786,0.7869869702885608,-0.013238037106779371
1107,-0.2313223866034529,-0.6395209514277577,0.4325225651938129,-0.1940766539135943
1108,-0.0893332230390558,-0.8064800298904602,0.45023205346504747,-0.20874902838222603
1109,-0.29711812593139614,-0.7607159526232206,0.769433710009777,-0.13815296234673582
1110,-0.17528910152217622,-0.7420201536713499,0.17935699250534626,-0.15575013497388357
1111,-0.3174968011726921,-0.5535312382771842,0.6746357421048883,-0.09362114192709135
1112,-0.25858316294159017,-0.4192160390865606,0.1401829237114064,-0.23030279285737654
1113,-0.3246739754584214,-0.6512754572734422,0.44963917521165253,-0.1986305769281793
1114,-0.22948508330099643,-0.5850049915622827,0.8484514545657964,-0.15618299473517092
1115,-0.3490337968051042,-0.646719451972086,0.40343844453090516,-0.30856795266430315
1116,-0.1309367303350664,-0.5336284726339812,0.05950434096652313,-0.20258257848638972
1117,-0.4722339804899911,-0.5225279664499449,0.7464695585723944,-0.1451636942145812
1118,-0.4142761642463292,-0.5391330703751521,1.1003517833039551,-0.1464502950054279
1119,-0.4983568685069466,-0.3587201955206757,0.9882208568860853,-0.08112885707376818
1120,-0.6116238304696794,-0.4201967034005471,0.6055723072501918,-0.23908341296729949
1121,-0.2891826573233176,-0.24966558223693608,0.059914528710956316,-0.23447117765770595
1122,-0.4296778900066624,-0.5296653463682928,0.276572315638854,-0.3029827920472342
1123,-0.4875831277967742,-0.2729156840202419,0.3419326045435908,-0.23170433578808416
1124,-0.7014651656589724,-0.4303171206514437,0.30639588433946474,-0.2744642682975984
1125,-0.401696648312406,-0.3888630989646237,0.19030567939450926,-0.14949460114186197
1126,-0.6373669337379554,-0.3283868919283234,0.4833208334209114,-0.28081203018369016
1127,-0.5709250380995046,-0.5027505594759739,0.4769682209701344,-0.3895641484401789
1128,-0.4801549072044911,-0.4479047073853871,0.40908264490986596,-0.21776359965052372
1129,-0.38067783595740046,-0.4858863250381092,0.45464365399706264,-0.2546212532908164
1130,-0.642647416662075,-0.41287538279564906,0.21073326025428804,-0.31066646436794615
1131,-0.5826707829823081,-0.28487976942521326,0.17056961864232928,-0.2994495120900012
1132,-0.5720273267803048,-0.20326826484402183,0.7205715162110184,-0.14107545492447937
1133,-0.6806352754213367,-0.4743980643268316,-0.08322910506264358,-0.4950434559198434
1134,-0.6979942546224334,-0.12412727947847979,0.5089573648248427,-0.2737157629777396
1135,-0.759257700536241,-0.261366157021238,0.6288871994636651,-0.296081645574787
1136,-0.6480041778258686,-0.21768400529865328,0.7246891426966524,-0.20096776385847956
1137,-0.6082225043927667,-0.0749098611555874,0.9298902670842261,-0.04313565544992003
1138,-0.5776785121369709,-0.22259431220318426,0.15629941600148003,-0.21985850064213494
1139,-0.8784173096467446,-0.26942676684663347,0.18659662339693378,-0.31773795179128234
1140,-0.8529283516055106,-0.13864174070934465,-0.17848826018317354,-0.49890494509582006
1141,-0.7812883692320067,-0.12752203742013002,0.5349846776382026,-0.2148951696015763
1142,-0.8188355416285453,-0.14048288416587218,0.40273347664821324,-0.26663322649983956
1143,-0.7167015213587934,-0.10437625387747235,0.8096201876913464,-0.14340673340426707
1144,-0.8290444588681964,0.002851469343261581,0.11091262417446189,-0.2699024996800017
1145,-0.8165131676200483,-0.06401536250942673,0.11067207680936045,-0.3256498714841282
1146,-0.8769102489270948,-0.20152415966530568,0.41593220082201277,-0.30542068323986665
1147,-0.7528605570291304,-0.016514430737191402,0.3897340609660278,-0.18699241553121612
1148,-0.8018229220285263,-0.0953152757426188,0.06619539956288417,-0.33142508515173663
1149,-0.9456288983863101,0.3163254405362306,0.4143248025225779,-0.2866453289305572
1150,-0.9955426273201639,0.1640821863460501,-0.40613690879435854,-0.449364987155041
1151,-0.9467308469107255,0.04295469107324297,0.06070268820941743,-0.30198100005941003
1152,-0.8687610026113599,-0.05600825938765083,0.04485503259031336,-0.36613095940892076
1153,-0.9659994464084505,-0.06873966689248563,0.47426796488237855,-0.30620369019655685
1154,-0.9137309276463137,-0.10407452202459058,-0.08362715560470269,-0.3773238424022816
1155,-0.7065869378211731,0.06674630242486854,0.3613598812764423,-0.2299428552413827
1156,-1.0040306878514602,0.028818167438196936,-0.031952231778116354,-0.34956178035055063
1157,-0.8120293791194992,0.10529318246174399,-0.41911385719173094,-0.4798624380303415
1158,-1.0429357250579254,0.15493381160207442,-0.24216304926337523,-0.39144714462217983
1159,-1.0778816549972858,0.09538274704189031,0.17612693163868054,-0.3691324435736305
1160,-1.0605596607638677,0.1865165416578579,-0.16095774953039724,-0.4027890306993134
1161,-0.9424305777557316,0.32989029696168515,-0.42666193703311595,-0.40567893163609003
1162,-1.0321206067569333,0.13406834740619003,-0.42755074990771713,-0.47443644717898076
1163,-0.7780402507332156,0.030251570323728244,0.1959358629121098,-0.3010859057086809
1164,-1.1694699575347363,0.16895174706524488,-0.3133615322825032,-0.549028669173836
1165,-0.8793250298937518,0.0034017661555780787,-0.6363544724554913,-0.5124268571589021
1166,-1.1702804007970444,0.157133638512695,-0.4416217534970026,-0.5149660528797295
1167,-0.9583779712774972,0.24558252765971314,-0.0860820828358107,-0.37381222037105655
1168,-0.7771730271340936,0.09295784497859938,-0.7347631146061818,-0.36367995156405913
1169,-0.9743714502817683,0.20216786964304181,0.2323745823551131,-0.2616072157859273
1170,-1.144368977112444,0.22889667669094282,-0.5325220083237242,-0.5425276981142249
1171,-0.9955769759666759,0.12626575671909238,-0.587255329829315,-0.46393358205563323
1172,-1.2212773749901613,0.34718556557173214,-0.5984465440043576,-0.5482202331183063
1173,-1.0867410366657086,0.48912820917447664,-0.10179881329882046,-0.3918572463783219
1174,-1.0806833979538024,0.19790570466671756,-0.4046275915999051,-0.4548705355515344
1175,-0.971689745075832,0.43442767809984595,-0.16849649518982224,-0.32639785274127614
1176,-0.9843457983100503,0.2830095955411645,-1.0939581535630567,-0.5462953237752617
1177,-0.8118558128859409,0.3869836526816253,-0.6027408810969254,-0.37187084277168425
1178,-0.9268467477049768,0.4736224646293834,-0.18843168287226145,-0.30884970946044277
1179,-1.1821973778434625,0.45876997995441376,-0.7705294618110934,-0.4699004439988221
1180,-1.060701905084341,0.35995577780570076,-0.4807763197066131,-0.3934146810615354
1181,-0.8524752103535602,0.5998941159525711,-0.624064557732206,-0.4100001175126792
1182,-0.9114655910797778,0.40797940226277846,-0.6606411854553833,-0.29276472080923
1183,-1.2161302961083655,0.40825276800800964,-0.3663882478335906,-0.47691285194145017
1184,-0.8083244963486517,0.48048798255362757,-0.26752642466600224,-0.2376004481793207
1185,-0.9765233217547842,0.38406854505717686,-0.11983618849805217,-0.23447841371779665
1186,-1.021625431590484,0.49887504618787465,-0.5508417487210246,-0.3693342107644936
1187,-1.0279764211044704,0.4819478248471032,-0.49663531702121255,-0.3817423610495471
1188,-0.9560694196741009,0.6973057902932517,-0.15048805219786265,-0.2138903547727224
1189,-1.0850505650673397,0.5135701659268148,-0.6977780812832768,-0.42323078355395594
1190,-0.947298619168573,0.38891097703285094,-0.5260852590373182,-0.38122979040450083
1191,-0.9681384857288178,0.594859533677145,-0.7418302163798756,-0.37836824083863224
1192,-1.0238021452201937,0.590176488513105,-0.5790607809643792,-0.36830152643141534
1193,-0.7771340267647999,0.5695490050735833,-0.6949274667248737,-0.24360037294141357
1194,-1.0638528565044103,0.5038763149791332,-0.8093404243649367,-0.44983307185683913
1195,-0.8054408746401905,0.5488325496500652,-0.7061769177952537,-0.24291547095497326
1196,-0.8629306922994526,0.526878408358552,-0.19137942467366442,-0.21535026732957435
1197,-1.018988665974223,0.5066535544379996,-0.47834225995407303,-0.2172815914116948
1198,-0.830514135780011,0.6321218081672986,-0.35282707691200327,-0.26581580647816516
1199,-1.058278320987418,0.6572561737279963,-0.8596829551125843,-0.41876032557285736
